bin_start_s,bin_end_s,trips_completed,coal_moved_kg,avg_speed_kmh,pct_moving,pct_loading,pct_unloading,pct_travelling,trucks_active,total_fuel_L,total_co2_kg,throughput_trips_per_hr
0.0,60.0,0,0.0,16.83,100.0,0.0,0.0,100.0,3,0.068,0.182332,0
60.0,120.0,0,0.0,19.5,100.0,1.2,0.0,98.8,3,0.0401,0.107451,0
120.0,180.0,0,0.0,15.38,96.6,4.0,0.0,91.4,3,0.0337,0.090344,0
180.0,240.0,2,2000.0,15.79,96.6,1.7,3.4,92.0,3,0.0259,0.069401,120.0
240.0,300.0,3,3000.0,14.31,93.8,1.7,5.1,88.1,3,0.027,0.072476,180.0
300.0,360.0,0,0.0,15.09,93.7,5.2,0.0,90.2,3,0.0328,0.087995,0
360.0,420.0,2,2000.0,16.54,98.3,0.0,3.4,93.1,3,0.0307,0.082219,120.0
420.0,480.0,1,1000.0,10.52,87.4,3.4,1.7,88.5,3,0.042,0.112659,60.0
480.0,540.0,1,1000.0,12.11,63.8,1.7,1.7,94.4,3,0.0212,0.056812,60.0
540.0,600.0,0,0.0,9.98,67.8,1.7,0.0,96.0,3,0.0286,0.07675,0
600.0,660.0,1,1000.0,11.59,65.5,0.0,1.7,97.7,3,0.0298,0.079764,60.0
660.0,720.0,3,3000.0,14.0,92.1,1.7,5.1,89.3,3,0.0271,0.072752,180.0
720.0,780.0,0,0.0,16.94,97.7,3.4,0.0,90.8,3,0.0322,0.086333,0
780.0,840.0,2,2000.0,17.64,96.6,1.7,2.9,89.1,3,0.0255,0.068391,120.0
840.0,900.0,0,0.0,16.04,97.7,3.4,0.0,93.1,3,0.0439,0.117582,0
900.0,960.0,3,3000.0,15.38,97.1,0.0,5.2,87.9,3,0.0309,0.082813,180.0
960.0,1020.0,0,0.0,17.53,97.7,3.4,0.6,89.1,3,0.0306,0.081961,0
1020.0,1080.0,2,2000.0,14.86,93.2,5.1,2.8,85.3,3,0.0258,0.069052,120.0
1080.0,1140.0,2,2000.0,17.89,96.6,0.0,3.4,94.3,3,0.0348,0.093223,120.0
1140.0,1200.0,1,1000.0,14.43,97.1,3.4,1.7,89.1,3,0.0299,0.0801,60.0
1200.0,1260.0,2,2000.0,20.38,97.7,0.0,3.4,93.7,3,0.0342,0.091779,120.0
1260.0,1320.0,0,0.0,18.09,98.8,1.8,0.0,94.7,3,0.0362,0.097149,0
1320.0,1380.0,0,0.0,14.61,96.4,3.6,0.0,90.3,3,0.0809,0.216739,0
1380.0,1440.0,3,3000.0,12.38,96.0,0.0,5.1,88.1,3,0.0249,0.066851,180.0
1440.0,1500.0,0,0.0,16.02,99.4,1.8,0.0,97.1,3,0.0338,0.090689,0
1500.0,1560.0,0,0.0,11.46,90.8,3.4,0.0,89.1,3,0.0352,0.094438,0
1560.0,1620.0,2,2000.0,13.62,98.3,0.0,3.4,94.3,3,0.0347,0.093071,120.0
1620.0,1680.0,1,1000.0,14.2,98.0,0.0,2.0,93.3,3,0.0271,0.072557,60.0
1680.0,1740.0,0,0.0,12.81,100.0,0.0,0.0,100.0,3,0.0242,0.06473,0
1740.0,1800.0,0,0.0,19.86,100.0,0.0,0.0,100.0,3,0.0424,0.113739,0
1800.0,1860.0,0,0.0,17.66,97.7,3.4,0.0,90.8,3,0.0311,0.083274,0
1860.0,1920.0,0,0.0,17.33,98.9,1.7,0.0,97.7,3,0.04,0.107277,0
1920.0,1980.0,3,3000.0,11.67,92.5,0.0,5.2,90.8,3,0.0368,0.098621,180.0
1980.0,2040.0,0,0.0,18.26,94.3,1.7,0.0,96.0,3,0.036,0.096473,0
2040.0,2100.0,0,0.0,10.37,63.8,2.8,0.0,92.1,3,0.0209,0.056055,0
2100.0,2160.0,0,0.0,13.44,66.7,0.0,0.0,100.0,3,0.0264,0.070792,0
2160.0,2220.0,2,2000.0,7.49,63.8,0.0,3.4,91.0,3,0.0269,0.072187,120.0
2220.0,2280.0,0,0.0,15.62,66.7,0.0,0.0,100.0,3,0.1138,0.304989,0
2280.0,2340.0,0,0.0,11.34,64.4,3.4,0.0,90.8,3,0.0224,0.060158,0
2340.0,2400.0,0,0.0,13.07,66.7,0.0,0.0,100.0,3,0.0284,0.076247,0
2400.0,2460.0,0,0.0,4.58,27.5,0.0,0.0,100.0,3,0.0404,0.108317,0
2460.0,2520.0,0,0.0,0.0,0.0,0.0,0.0,100.0,3,0.0405,0.108594,0
2520.0,2580.0,0,0.0,0.0,0.0,0.0,0.0,100.0,3,0.0361,0.096756,0
2580.0,2640.0,0,0.0,16.76,100.0,0.0,0.0,100.0,3,0.0871,0.233389,0
2640.0,2700.0,0,0.0,19.82,100.0,0.0,0.0,100.0,3,0.0445,0.119224,0
2700.0,2760.0,0,0.0,16.69,97.7,3.5,0.0,93.0,3,0.0369,0.098861,0
2760.0,2820.0,0,0.0,15.28,89.1,0.0,0.0,100.0,3,0.0336,0.090034,0
2820.0,2880.0,3,3000.0,11.79,93.8,3.4,4.5,87.0,3,0.0222,0.059554,180.0
2880.0,2940.0,0,0.0,20.0,100.0,0.0,0.0,100.0,3,0.0226,0.060444,0
2940.0,3000.0,0,0.0,12.87,100.0,0.0,0.0,100.0,3,0.1252,0.335566,0
3000.0,3060.0,0,0.0,14.71,100.0,0.0,0.0,100.0,3,0.2015,0.539969,0
3060.0,3120.0,0,0.0,13.15,100.0,0.0,0.0,100.0,3,0.2259,0.605342,0
3120.0,3180.0,0,0.0,11.76,97.4,3.9,0.0,90.2,3,0.2241,0.600716,0
3180.0,3240.0,0,0.0,8.77,82.4,2.0,0.0,94.1,3,0.1905,0.510518,0
3240.0,3300.0,0,0.0,9.16,66.7,0.0,0.0,100.0,3,0.1699,0.455423,0
3300.0,3360.0,1,1000.0,7.63,64.7,0.0,2.0,94.8,3,0.1745,0.467765,60.0
3360.0,3420.0,1,1000.0,8.87,66.0,0.0,2.0,94.1,3,0.1634,0.437971,60.0
3420.0,3480.0,0,0.0,9.68,63.4,2.0,0.0,94.8,3,0.165,0.442262,0
3480.0,3540.0,0,0.0,7.14,65.4,2.0,0.0,95.4,3,0.1785,0.478366,0
3540.0,3600.0,0,0.0,8.9,66.0,0.0,0.0,99.3,3,0.1754,0.470166,0
3600.0,3660.0,1,1000.0,8.37,65.4,0.0,1.9,94.2,3,0.1668,0.446925,60.0
3660.0,3720.0,1,1000.0,7.95,65.3,0.0,2.0,94.0,3,0.1771,0.474586,60.0
3720.0,3780.0,0,0.0,5.99,47.3,0.0,0.0,100.0,3,0.1629,0.436665,0
3780.0,3840.0,0,0.0,8.16,57.5,2.6,0.0,94.1,3,0.1699,0.455342,0
3840.0,3900.0,0,0.0,9.72,65.4,2.0,0.0,97.4,3,0.1747,0.468234,0
3900.0,3960.0,1,1000.0,6.49,65.4,0.0,1.9,92.9,3,0.1741,0.466628,60.0
3960.0,4020.0,0,0.0,9.13,64.1,0.0,0.0,98.7,3,0.1736,0.465216,0
4020.0,4080.0,1,1000.0,8.28,65.4,0.0,2.0,94.8,3,0.1576,0.422434,60.0
4080.0,4140.0,0,0.0,8.64,65.4,1.9,0.0,94.9,3,0.1679,0.449989,0
4140.0,4200.0,0,0.0,9.71,66.7,0.0,0.0,100.0,3,0.1706,0.457189,0
4200.0,4260.0,0,0.0,7.41,65.4,1.9,0.0,94.2,3,0.1793,0.480602,0
4260.0,4320.0,1,1000.0,7.85,66.0,0.0,1.9,94.2,3,0.158,0.423381,60.0
4320.0,4380.0,1,1000.0,9.85,66.0,0.0,2.0,94.1,3,0.1735,0.464923,60.0
4380.0,4440.0,0,0.0,7.07,62.7,2.0,0.0,94.8,3,0.1675,0.448964,0
4440.0,4500.0,0,0.0,9.51,66.7,0.0,0.0,100.0,3,0.1725,0.462237,0
4500.0,4560.0,0,0.0,8.46,65.3,2.0,0.0,94.0,3,0.1656,0.443846,0
4560.0,4620.0,1,1000.0,7.62,64.7,0.0,2.6,94.2,3,0.1637,0.438763,60.0
4620.0,4680.0,0,0.0,7.84,57.5,0.0,0.0,100.0,3,0.1737,0.465649,0
4680.0,4740.0,1,1000.0,8.73,66.0,0.0,1.9,94.2,3,0.1765,0.473098,60.0
4740.0,4800.0,0,0.0,9.77,64.7,2.0,0.0,94.8,3,0.1596,0.427624,0
4800.0,4860.0,0,0.0,8.97,66.7,0.0,0.0,100.0,3,0.1725,0.462401,0
4860.0,4920.0,0,0.0,7.41,65.4,1.9,0.0,94.9,3,0.1695,0.454313,0
4920.0,4980.0,1,1000.0,6.12,65.4,0.0,2.0,94.1,3,0.1583,0.424347,60.0
4980.0,5040.0,0,0.0,11.69,63.3,0.0,0.0,100.0,3,0.1854,0.496901,0
5040.0,5100.0,1,1000.0,7.11,66.0,0.0,2.0,94.1,3,0.1759,0.471369,60.0
5100.0,5160.0,0,0.0,7.96,61.0,1.9,0.0,95.0,3,0.1616,0.433147,0
5160.0,5220.0,0,0.0,10.18,66.7,0.0,0.0,100.0,3,0.1602,0.429251,0
5220.0,5280.0,0,0.0,6.81,66.0,1.9,0.0,94.9,3,0.1731,0.463936,0
5280.0,5340.0,1,1000.0,6.42,62.1,0.0,2.0,94.8,3,0.1613,0.432253,60.0
5340.0,5400.0,0,0.0,11.23,66.7,0.0,0.0,100.0,3,0.1731,0.464033,0
5400.0,5460.0,0,0.0,7.33,65.4,1.9,0.0,94.2,3,0.1669,0.447247,0
5460.0,5520.0,1,1000.0,7.12,66.0,0.0,2.0,94.1,3,0.16,0.428794,60.0
5520.0,5580.0,0,0.0,11.55,66.7,0.0,0.0,100.0,3,0.173,0.463636,0
5580.0,5640.0,1,1000.0,6.54,65.3,0.0,2.0,94.7,3,0.1677,0.449316,60.0
5640.0,5700.0,0,0.0,4.87,50.3,2.0,0.0,94.1,3,0.1604,0.429901,0
5700.0,5760.0,0,0.0,11.27,66.7,0.0,0.0,100.0,3,0.1772,0.475022,0
5760.0,5820.0,0,0.0,8.94,64.7,1.9,0.0,94.9,3,0.1682,0.450703,0
5820.0,5880.0,1,1000.0,6.32,64.7,0.0,2.0,94.1,3,0.1652,0.442781,60.0
5880.0,5940.0,0,0.0,11.07,60.9,0.0,0.0,100.0,3,0.1687,0.451999,0
5940.0,6000.0,1,1000.0,7.12,66.0,0.0,1.9,94.2,3,0.1601,0.428977,60.0
6000.0,6060.0,0,0.0,7.92,66.0,2.0,0.0,94.7,3,0.1728,0.463179,0
6060.0,6120.0,0,0.0,9.17,66.7,0.0,0.0,100.0,3,0.1714,0.459421,0
6120.0,6180.0,0,0.0,8.5,64.7,1.9,0.0,94.2,3,0.1649,0.441911,0
6180.0,6240.0,1,1000.0,7.44,66.0,0.0,2.0,94.1,3,0.1604,0.429993,60.0
6240.0,6300.0,0,0.0,6.95,57.3,0.0,0.0,100.0,3,0.1865,0.499698,0
6300.0,6360.0,1,1000.0,8.79,64.7,0.0,1.9,94.2,3,0.1598,0.428242,60.0
6360.0,6420.0,0,0.0,10.07,64.7,0.0,0.0,100.0,3,0.1707,0.457383,0
6420.0,6480.0,0,0.0,7.69,65.4,3.3,0.0,92.8,3,0.1623,0.435084,0
6480.0,6540.0,0,0.0,7.43,65.4,0.6,0.0,96.2,3,0.1798,0.481943,0
6540.0,6600.0,0,0.0,10.51,66.7,0.0,0.0,100.0,3,0.1788,0.479312,0
6600.0,6660.0,1,1000.0,5.67,60.9,0.0,1.9,94.9,3,0.1584,0.424565,60.0
6660.0,6720.0,1,1000.0,3.43,32.0,0.0,2.0,97.4,3,0.1494,0.400303,60.0
6720.0,6780.0,0,0.0,6.83,33.3,0.0,0.0,100.0,3,0.132,0.353672,0
6780.0,6840.0,0,0.0,3.41,32.1,1.9,0.0,94.4,3,0.1258,0.337053,0
6840.0,6900.0,0,0.0,4.49,33.3,0.0,0.0,100.0,3,0.1348,0.361249,0
6900.0,6960.0,0,0.0,5.33,33.3,0.0,0.0,100.0,3,0.1333,0.357323,0
6960.0,7020.0,1,1000.0,2.75,30.8,0.0,1.9,94.2,3,0.1356,0.363375,60.0
7020.0,7080.0,0,0.0,6.15,33.3,0.0,0.0,100.0,3,0.1396,0.374028,0
7080.0,7140.0,0,0.0,4.39,32.1,1.9,0.0,98.1,3,0.1315,0.352472,0
7140.0,7200.0,0,0.0,4.09,33.3,0.0,0.0,96.2,3,0.1256,0.336491,0
7200.0,7260.0,0,0.0,5.77,33.3,0.0,0.0,100.0,3,0.1304,0.349576,0
7260.0,7320.0,1,1000.0,2.61,32.0,0.0,1.3,94.8,3,0.1344,0.360315,60.0
7320.0,7380.0,0,0.0,5.41,33.3,0.0,0.0,100.0,3,0.1429,0.382989,0
7380.0,7440.0,0,0.0,5.8,33.3,0.0,0.0,100.0,3,0.135,0.361879,0
7440.0,7500.0,0,0.0,3.12,31.4,1.9,0.0,95.0,3,0.1301,0.348784,0
7500.0,7560.0,0,0.0,5.5,33.3,0.0,0.0,100.0,3,0.1393,0.373434,0
7560.0,7620.0,0,0.0,3.87,33.3,0.0,0.0,100.0,3,0.1453,0.389375,0
7620.0,7680.0,1,1000.0,3.03,28.3,0.0,1.9,94.3,3,0.1296,0.347356,60.0
7680.0,7740.0,0,0.0,6.83,33.3,0.0,0.0,100.0,3,0.1316,0.352636,0
7740.0,7800.0,0,0.0,3.44,31.4,1.9,0.0,94.2,3,0.1311,0.351385,0
7800.0,7860.0,0,0.0,4.42,33.3,0.0,0.0,100.0,3,0.1382,0.3704,0
7860.0,7920.0,0,0.0,5.31,33.3,0.0,0.0,100.0,3,0.1424,0.381571,0
7920.0,7980.0,1,1000.0,2.46,30.8,0.0,1.9,94.2,3,0.1579,0.42308,60.0
7980.0,8040.0,0,0.0,6.66,33.3,0.0,0.0,100.0,3,0.1419,0.380372,0
8040.0,8100.0,0,0.0,4.37,33.3,0.0,0.0,100.0,3,0.1289,0.345556,0
8100.0,8160.0,0,0.0,3.08,32.7,1.9,0.0,94.3,3,0.1332,0.357028,0
8160.0,8220.0,0,0.0,3.97,33.3,0.0,0.0,100.0,3,0.1374,0.368196,0
8220.0,8280.0,0,0.0,5.72,33.3,0.0,0.0,100.0,3,0.1374,0.368248,0
8280.0,8340.0,1,1000.0,2.4,30.7,0.0,2.0,94.1,3,0.1485,0.398096,60.0
8340.0,8400.0,0,0.0,4.95,34.0,0.0,0.0,100.0,3,0.1378,0.369253,0
8400.0,8460.0,0,0.0,5.68,33.3,0.0,0.0,100.0,3,0.1268,0.339767,0
8460.0,8520.0,0,0.0,3.2,32.7,1.9,0.0,94.3,3,0.1292,0.346316,0
8520.0,8580.0,0,0.0,4.27,33.3,0.0,0.0,100.0,3,0.1341,0.359409,0
8580.0,8640.0,0,0.0,5.74,33.3,0.0,0.0,100.0,3,0.1374,0.368151,0
8640.0,8700.0,1,1000.0,2.63,32.7,0.0,1.9,96.2,3,0.1479,0.396279,60.0
8700.0,8760.0,0,0.0,5.08,32.7,0.0,0.0,98.7,3,0.1392,0.373182,0
8760.0,8820.0,0,0.0,5.46,33.3,0.0,0.0,100.0,3,0.1328,0.355837,0
8820.0,8880.0,0,0.0,3.27,31.4,1.9,0.0,95.0,3,0.1259,0.337444,0
8880.0,8940.0,0,0.0,5.49,33.3,0.0,0.0,100.0,3,0.1371,0.367374,0
8940.0,9000.0,0,0.0,4.19,41.2,0.0,0.0,100.0,3,0.1555,0.41684,0
9000.0,9060.0,1,1000.0,9.86,62.8,0.0,1.9,94.9,3,0.1657,0.444085,60.0
9060.0,9120.0,0,0.0,9.86,66.7,0.0,0.0,100.0,3,0.1652,0.44266,0
9120.0,9180.0,0,0.0,5.82,64.1,3.9,0.0,89.5,3,0.1632,0.437367,0
9180.0,9240.0,0,0.0,8.48,66.7,0.0,0.0,100.0,3,0.1708,0.457762,0
9240.0,9300.0,0,0.0,10.03,66.7,0.0,0.0,100.0,3,0.1847,0.495015,0
9300.0,9360.0,1,1000.0,4.89,63.3,0.0,2.0,93.9,3,0.1852,0.496265,60.0
9360.0,9420.0,1,1000.0,8.51,62.7,0.0,2.0,94.1,3,0.1655,0.443599,60.0
9420.0,9480.0,0,0.0,9.8,66.7,0.0,0.0,100.0,3,0.1857,0.49777,0
9480.0,9540.0,0,0.0,7.5,64.7,2.0,0.0,94.8,3,0.1705,0.456975,0
9540.0,9600.0,0,0.0,8.51,66.0,2.0,0.0,94.8,3,0.1683,0.451147,0
9600.0,9660.0,1,1000.0,6.56,65.4,0.0,2.0,94.1,3,0.1605,0.430245,60.0
9660.0,9720.0,0,0.0,10.75,66.7,0.0,0.0,100.0,3,0.185,0.495832,0
9720.0,9780.0,1,1000.0,7.14,66.0,0.0,2.0,94.0,3,0.1606,0.430392,60.0
9780.0,9840.0,0,0.0,8.58,65.4,1.9,0.0,94.9,3,0.1601,0.429139,0
9840.0,9900.0,0,0.0,9.65,66.7,0.0,0.0,100.0,3,0.1701,0.455995,0
9900.0,9960.0,0,0.0,6.61,66.0,2.0,0.0,94.8,3,0.1792,0.480266,0
9960.0,10020.0,1,1000.0,7.15,65.4,0.0,1.9,94.3,3,0.1568,0.420309,60.0
10020.0,10080.0,0,0.0,10.85,66.7,0.0,0.0,100.0,3,0.1733,0.464341,0
10080.0,10140.0,0,0.0,6.8,64.1,2.0,2.0,92.8,3,0.168,0.450351,0
10140.0,10200.0,1,1000.0,8.67,66.7,0.0,0.0,96.1,3,0.1574,0.421743,60.0
10200.0,10260.0,0,0.0,10.41,66.7,0.0,0.0,100.0,3,0.1644,0.440466,0
10260.0,10320.0,1,1000.0,5.54,60.9,1.9,1.9,89.1,3,0.1529,0.409752,60.0
10320.0,10380.0,0,0.0,11.33,66.7,0.0,0.0,100.0,3,0.1711,0.458606,0
10380.0,10440.0,0,0.0,7.05,66.0,2.0,0.0,94.0,3,0.1614,0.432537,0
10440.0,10500.0,1,1000.0,6.6,64.7,0.0,1.9,94.2,3,0.1729,0.463294,60.0
10500.0,10560.0,0,0.0,11.64,66.7,0.0,0.0,100.0,3,0.1701,0.455924,0
10560.0,10620.0,1,1000.0,5.72,64.0,2.0,2.0,88.0,3,0.1658,0.444364,60.0
10620.0,10680.0,0,0.0,9.36,66.7,0.0,0.0,100.0,3,0.171,0.458169,0
10680.0,10740.0,0,0.0,9.3,66.7,0.0,0.0,100.0,3,0.1739,0.466037,0
10740.0,10800.0,1,1000.0,5.9,64.7,2.0,2.0,88.2,3,0.1597,0.427863,60.0
10800.0,10860.0,0,0.0,10.62,62.7,0.0,0.0,100.0,3,0.1697,0.454903,0
10860.0,10920.0,0,0.0,7.12,66.0,0.0,1.3,98.7,3,0.1757,0.47091,0
10920.0,10980.0,1,1000.0,6.02,60.3,1.9,0.6,91.0,3,0.153,0.410118,60.0
10980.0,11040.0,0,0.0,11.24,66.7,0.0,0.0,100.0,3,0.17,0.455473,0
11040.0,11100.0,1,1000.0,6.38,64.7,2.0,2.0,90.2,3,0.164,0.439556,60.0
11100.0,11160.0,0,0.0,5.85,49.4,0.0,0.0,99.4,3,0.1512,0.405202,0
11160.0,11220.0,0,0.0,5.44,33.3,0.0,0.0,100.0,3,0.1502,0.402503,0
11220.0,11280.0,0,0.0,3.75,32.0,2.0,0.0,94.1,3,0.1326,0.35538,0
11280.0,11340.0,0,0.0,4.82,34.0,0.0,0.0,100.0,3,0.1482,0.397168,0
11340.0,11400.0,0,0.0,4.89,33.3,0.0,0.0,100.0,3,0.1433,0.384169,0
11400.0,11460.0,1,1000.0,2.47,31.4,0.0,1.9,94.2,3,0.1295,0.346942,60.0
11460.0,11520.0,0,0.0,7.26,33.3,0.0,0.0,100.0,3,0.1428,0.382823,0
11520.0,11580.0,0,0.0,3.98,32.7,1.9,0.0,94.2,3,0.1398,0.374708,0
11580.0,11640.0,0,0.0,4.19,33.3,0.0,0.0,100.0,3,0.1416,0.379416,0
11640.0,11700.0,0,0.0,5.53,33.3,0.0,0.0,100.0,3,0.1435,0.384567,0
11700.0,11760.0,1,1000.0,3.04,32.7,0.0,1.9,94.4,3,0.1289,0.345567,60.0
11760.0,11820.0,0,0.0,3.19,20.5,0.0,0.0,100.0,3,0.1291,0.345916,0
11820.0,11880.0,0,0.0,5.82,33.3,0.0,0.0,100.0,3,0.1484,0.397623,0
11880.0,11940.0,0,0.0,3.23,31.4,1.9,0.0,94.9,3,0.1274,0.341445,0
11940.0,12000.0,0,0.0,2.3,25.5,0.0,0.0,100.0,3,0.1678,0.449605,0
12000.0,12060.0,0,0.0,0.0,0.0,0.0,0.0,100.0,3,0.1262,0.338157,0
12060.0,12120.0,0,0.0,0.0,0.0,0.0,0.0,100.0,3,0.1209,0.324051,0
12120.0,12180.0,0,0.0,0.0,0.0,0.0,0.0,100.0,3,0.1246,0.333828,0
12180.0,12240.0,0,0.0,0.0,0.0,0.0,0.0,100.0,3,0.1183,0.316932,0
12240.0,12300.0,0,0.0,0.0,0.0,0.0,0.0,100.0,3,0.126,0.337554,0
12300.0,12360.0,0,0.0,0.0,0.0,0.0,0.0,100.0,3,0.1206,0.323202,0
12360.0,12420.0,0,0.0,0.0,0.0,0.0,0.0,100.0,3,0.1256,0.336477,0
12420.0,12480.0,0,0.0,0.0,0.0,0.0,0.0,100.0,3,0.1253,0.335883,0
12480.0,12540.0,0,0.0,0.0,0.0,0.0,0.0,100.0,3,0.1276,0.341898,0
12540.0,12600.0,0,0.0,0.0,0.0,0.0,0.0,100.0,3,0.1234,0.330678,0
12600.0,12660.0,0,0.0,0.0,0.0,0.0,0.0,100.0,3,0.1173,0.314289,0
12660.0,12720.0,0,0.0,0.0,0.0,0.0,0.0,100.0,3,0.1236,0.33129,0
12720.0,12780.0,0,0.0,0.0,0.0,0.0,0.0,100.0,3,0.127,0.340335,0
12780.0,12840.0,0,0.0,0.0,0.0,0.0,0.0,100.0,3,0.1185,0.317562,0
12840.0,12900.0,0,0.0,0.0,0.0,0.0,0.0,100.0,3,0.1265,0.338883,0
12900.0,12960.0,0,0.0,0.0,0.0,0.0,0.0,100.0,3,0.1191,0.319116,0
12960.0,13020.0,0,0.0,0.0,0.0,0.0,0.0,100.0,3,0.1216,0.325872,0
13020.0,13080.0,0,0.0,0.0,0.0,0.0,0.0,100.0,3,0.1259,0.337323,0
13080.0,13140.0,0,0.0,0.0,0.0,0.0,0.0,100.0,3,0.1281,0.343341,0
13140.0,13200.0,0,0.0,0.0,0.0,0.0,0.0,100.0,3,0.119,0.318987,0
13200.0,13260.0,0,0.0,0.0,0.0,0.0,0.0,100.0,3,0.1228,0.328995,0
13260.0,13320.0,0,0.0,0.0,0.0,0.0,0.0,100.0,3,0.1219,0.326703,0
13320.0,13380.0,0,0.0,0.0,0.0,0.0,0.0,100.0,3,0.1224,0.328158,0
13380.0,13440.0,0,0.0,0.0,0.0,0.0,0.0,100.0,3,0.1312,0.351555,0
13440.0,13500.0,0,0.0,0.0,0.0,0.0,0.0,100.0,3,0.1199,0.321279,0
13500.0,13560.0,0,0.0,0.0,0.0,0.0,0.0,100.0,3,0.1227,0.328869,0
13560.0,13620.0,0,0.0,0.0,0.0,0.0,0.0,100.0,3,0.1272,0.340938,0
13620.0,13680.0,0,0.0,0.0,0.0,0.0,0.0,100.0,3,0.1216,0.325854,0
13680.0,13740.0,0,0.0,0.0,0.0,0.0,0.0,100.0,3,0.1218,0.326469,0
13740.0,13800.0,0,0.0,0.0,0.0,0.0,0.0,100.0,3,0.1258,0.337194,0
13800.0,13860.0,0,0.0,0.0,0.0,0.0,0.0,100.0,3,0.1255,0.336348,0
13860.0,13920.0,0,0.0,0.0,0.0,0.0,0.0,100.0,3,0.1196,0.320436,0
13920.0,13980.0,0,0.0,0.0,0.0,0.0,0.0,100.0,3,0.1198,0.32115,0
13980.0,14040.0,0,0.0,0.0,0.0,0.0,0.0,100.0,3,0.1258,0.337179,0
14040.0,14100.0,0,0.0,0.0,0.0,0.0,0.0,100.0,3,0.1248,0.334557,0
14100.0,14160.0,0,0.0,0.0,0.0,0.0,0.0,100.0,3,0.1211,0.324663,0
14160.0,14220.0,0,0.0,0.0,0.0,0.0,0.0,100.0,3,0.1251,0.335379,0
14220.0,14280.0,0,0.0,0.0,0.0,0.0,0.0,100.0,3,0.1239,0.332133,0
14280.0,14340.0,0,0.0,0.0,0.0,0.0,0.0,100.0,3,0.1228,0.328995,0
14340.0,14400.0,0,0.0,0.0,0.0,0.0,0.0,100.0,3,0.1245,0.33357,0
14400.0,14460.0,0,0.0,0.0,0.0,0.0,0.0,100.0,3,0.126,0.337674,0
14460.0,14520.0,0,0.0,0.0,0.0,0.0,0.0,100.0,3,0.1191,0.319227,0
14520.0,14580.0,0,0.0,0.0,0.0,0.0,0.0,100.0,3,0.1303,0.349251,0
14580.0,14640.0,0,0.0,0.0,0.0,0.0,0.0,100.0,3,0.122,0.326952,0
14640.0,14700.0,0,0.0,0.0,0.0,0.0,0.0,100.0,3,0.1197,0.32079,0
14700.0,14760.0,0,0.0,0.0,0.0,0.0,0.0,100.0,3,0.1287,0.344796,0
14760.0,14820.0,0,0.0,0.0,0.0,0.0,0.0,100.0,3,0.1224,0.327912,0
14820.0,14880.0,0,0.0,0.0,0.0,0.0,0.0,100.0,3,0.1243,0.333096,0
14880.0,14940.0,0,0.0,0.0,0.0,0.0,0.0,100.0,3,0.1241,0.33261,0
14940.0,15000.0,0,0.0,0.0,0.0,0.0,0.0,100.0,3,0.1215,0.325491,0
15000.0,15060.0,0,0.0,0.0,0.0,0.0,0.0,100.0,3,0.1215,0.325626,0
15060.0,15120.0,0,0.0,0.0,0.0,0.0,0.0,100.0,3,0.1238,0.331659,0
15120.0,15180.0,0,0.0,0.0,0.0,0.0,0.0,100.0,3,0.1202,0.322002,0
15180.0,15240.0,0,0.0,0.0,0.0,0.0,0.0,100.0,3,0.1212,0.324885,0
15240.0,15300.0,0,0.0,0.0,0.0,0.0,0.0,100.0,3,0.1247,0.334068,0
15300.0,15360.0,0,0.0,0.0,0.0,0.0,0.0,100.0,3,0.1232,0.330075,0
15360.0,15420.0,0,0.0,0.0,0.0,0.0,0.0,100.0,3,0.1149,0.308013,0
15420.0,15480.0,0,0.0,0.0,0.0,0.0,0.0,100.0,3,0.1277,0.342264,0
15480.0,15540.0,0,0.0,0.0,0.0,0.0,0.0,100.0,3,0.124,0.332259,0
15540.0,15600.0,0,0.0,0.0,0.0,0.0,0.0,100.0,3,0.1221,0.327192,0
15600.0,15660.0,0,0.0,0.0,0.0,0.0,0.0,100.0,3,0.1235,0.330912,0
15660.0,15720.0,0,0.0,0.0,0.0,0.0,0.0,100.0,3,0.1214,0.325365,0
15720.0,15780.0,0,0.0,0.0,0.0,0.0,0.0,100.0,3,0.122,0.327069,0
15780.0,15840.0,0,0.0,0.0,0.0,0.0,0.0,100.0,3,0.1271,0.340692,0
15840.0,15900.0,0,0.0,0.0,0.0,0.0,0.0,100.0,3,0.1268,0.339855,0
15900.0,15960.0,0,0.0,0.0,0.0,0.0,0.0,100.0,3,0.1267,0.339492,0
15960.0,16020.0,0,0.0,0.0,0.0,0.0,0.0,100.0,3,0.1269,0.339978,0
16020.0,16080.0,0,0.0,0.0,0.0,0.0,0.0,100.0,3,0.1252,0.335619,0
16080.0,16140.0,0,0.0,0.0,0.0,0.0,0.0,100.0,3,0.1241,0.332616,0
16140.0,16200.0,0,0.0,0.0,0.0,0.0,0.0,100.0,3,0.1203,0.322359,0
16200.0,16260.0,0,0.0,0.0,0.0,0.0,0.0,100.0,3,0.1288,0.345279,0
16260.0,16320.0,0,0.0,0.0,0.0,0.0,0.0,100.0,3,0.128,0.343119,0
16320.0,16380.0,0,0.0,0.0,0.0,0.0,0.0,100.0,3,0.1226,0.328515,0
16380.0,16440.0,0,0.0,0.0,0.0,0.0,0.0,100.0,3,0.1196,0.320553,0
16440.0,16500.0,0,0.0,0.0,0.0,0.0,0.0,100.0,3,0.125,0.334908,0
16500.0,16560.0,0,0.0,0.0,0.0,0.0,0.0,100.0,3,0.1242,0.332736,0
16560.0,16620.0,0,0.0,0.0,0.0,0.0,0.0,100.0,3,0.1291,0.345882,0
16620.0,16680.0,0,0.0,0.0,0.0,0.0,0.0,100.0,3,0.1222,0.327549,0
16680.0,16740.0,0,0.0,0.0,0.0,0.0,0.0,100.0,3,0.1278,0.34251,0
16740.0,16800.0,0,0.0,0.0,0.0,0.0,0.0,100.0,3,0.1267,0.339615,0
16800.0,16860.0,0,0.0,0.0,0.0,0.0,0.0,100.0,3,0.1206,0.323085,0
16860.0,16920.0,0,0.0,0.0,0.0,0.0,0.0,100.0,3,0.1254,0.336111,0
16920.0,16980.0,0,0.0,0.0,0.0,0.0,0.0,100.0,3,0.1242,0.332973,0
16980.0,17040.0,0,0.0,0.0,0.0,0.0,0.0,100.0,3,0.1233,0.330573,0
17040.0,17100.0,0,0.0,0.0,0.0,0.0,0.0,100.0,3,0.1288,0.345276,0
17100.0,17160.0,0,0.0,0.0,0.0,0.0,0.0,100.0,3,0.1269,0.340212,0
17160.0,17220.0,0,0.0,0.0,0.0,0.0,0.0,100.0,3,0.1217,0.326115,0
17220.0,17280.0,0,0.0,0.0,0.0,0.0,0.0,100.0,3,0.121,0.324177,0
17280.0,17340.0,0,0.0,0.0,0.0,0.0,0.0,100.0,3,0.123,0.329598,0
17340.0,17400.0,0,0.0,0.0,0.0,0.0,0.0,100.0,3,0.1267,0.339612,0
17400.0,17460.0,0,0.0,0.0,0.0,0.0,0.0,100.0,3,0.122,0.32706,0
17460.0,17520.0,0,0.0,0.0,0.0,0.0,0.0,100.0,3,0.1261,0.338037,0
17520.0,17580.0,0,0.0,0.0,0.0,0.0,0.0,100.0,3,0.1262,0.33828,0
17580.0,17640.0,0,0.0,0.0,0.0,0.0,0.0,100.0,3,0.1233,0.330447,0
17640.0,17700.0,0,0.0,0.0,0.0,0.0,0.0,100.0,3,0.1193,0.319719,0
17700.0,17760.0,0,0.0,0.0,0.0,0.0,0.0,100.0,3,0.1211,0.32442,0
17760.0,17820.0,0,0.0,0.0,0.0,0.0,0.0,100.0,3,0.1228,0.329001,0
17820.0,17880.0,0,0.0,0.0,0.0,0.0,0.0,100.0,3,0.1206,0.323214,0
17880.0,17940.0,0,0.0,0.0,0.0,0.0,0.0,100.0,3,0.1256,0.336474,0
17940.0,18000.0,0,0.0,0.0,0.0,0.0,0.0,100.0,3,0.1283,0.343818,0
18000.0,18060.0,0,0.0,0.0,0.0,0.0,0.0,100.0,3,0.1237,0.33141,0
18060.0,18120.0,0,0.0,0.0,0.0,0.0,0.0,100.0,3,0.1227,0.328872,0
18120.0,18180.0,0,0.0,0.0,0.0,0.0,0.0,100.0,3,0.1241,0.33261,0
18180.0,18240.0,0,0.0,0.0,0.0,0.0,0.0,100.0,3,0.1291,0.345894,0
18240.0,18300.0,0,0.0,0.0,0.0,0.0,0.0,100.0,3,0.1205,0.322848,0
18300.0,18360.0,0,0.0,0.0,0.0,0.0,0.0,100.0,3,0.1208,0.323682,0
18360.0,18420.0,0,0.0,0.0,0.0,0.0,0.0,100.0,3,0.1266,0.339243,0
18420.0,18480.0,0,0.0,0.0,0.0,0.0,0.0,100.0,3,0.1231,0.329958,0
18480.0,18540.0,0,0.0,0.0,0.0,0.0,0.0,100.0,3,0.1261,0.337917,0
18540.0,18600.0,0,0.0,0.0,0.0,0.0,0.0,100.0,3,0.13,0.348294,0
18600.0,18660.0,0,0.0,0.0,0.0,0.0,0.0,100.0,3,0.1237,0.33153,0
18660.0,18720.0,0,0.0,0.0,0.0,0.0,0.0,100.0,3,0.1244,0.333465,0
18720.0,18780.0,0,0.0,0.0,0.0,0.0,0.0,100.0,3,0.1214,0.325383,0
18780.0,18840.0,0,0.0,0.0,0.0,0.0,0.0,100.0,3,0.1245,0.333699,0
18840.0,18900.0,0,0.0,0.0,0.0,0.0,0.0,100.0,3,0.1215,0.325617,0
18900.0,18960.0,0,0.0,0.0,0.0,0.0,0.0,100.0,3,0.1201,0.321885,0
18960.0,19020.0,0,0.0,0.0,0.0,0.0,0.0,100.0,3,0.1238,0.331887,0
19020.0,19080.0,0,0.0,0.0,0.0,0.0,0.0,100.0,3,0.1242,0.332859,0
19080.0,19140.0,0,0.0,0.0,0.0,0.0,0.0,100.0,3,0.1247,0.334308,0
19140.0,19200.0,0,0.0,0.0,0.0,0.0,0.0,100.0,3,0.1174,0.314652,0
19200.0,19260.0,0,0.0,0.0,0.0,0.0,0.0,100.0,3,0.1273,0.341172,0
19260.0,19320.0,0,0.0,0.0,0.0,0.0,0.0,100.0,3,0.1225,0.328272,0
19320.0,19380.0,0,0.0,0.0,0.0,0.0,0.0,100.0,3,0.125,0.335022,0
19380.0,19440.0,0,0.0,0.0,0.0,0.0,0.0,100.0,3,0.1266,0.339255,0
19440.0,19500.0,0,0.0,0.0,0.0,0.0,0.0,100.0,3,0.1152,0.30873,0
19500.0,19560.0,0,0.0,0.0,0.0,0.0,0.0,100.0,3,0.1256,0.336723,0
19560.0,19620.0,0,0.0,0.0,0.0,0.0,0.0,100.0,3,0.1333,0.357213,0
19620.0,19680.0,0,0.0,0.0,0.0,0.0,0.0,100.0,3,0.116,0.310785,0
19680.0,19740.0,0,0.0,0.0,0.0,0.0,0.0,100.0,3,0.1222,0.327438,0
19740.0,19800.0,0,0.0,0.0,0.0,0.0,0.0,100.0,3,0.1197,0.32079,0
19800.0,19860.0,0,0.0,0.0,0.0,0.0,0.0,100.0,3,0.1164,0.311862,0
19860.0,19920.0,0,0.0,0.0,0.0,0.0,0.0,100.0,3,0.1196,0.320415,0
19920.0,19980.0,0,0.0,0.0,0.0,0.0,0.0,100.0,3,0.1262,0.338286,0
19980.0,20040.0,0,0.0,0.0,0.0,0.0,0.0,100.0,3,0.1261,0.337917,0
20040.0,20100.0,0,0.0,0.0,0.0,0.0,0.0,100.0,3,0.1224,0.328146,0
20100.0,20160.0,0,0.0,0.0,0.0,0.0,0.0,100.0,3,0.1284,0.344067,0
20160.0,20220.0,0,0.0,0.0,0.0,0.0,0.0,100.0,3,0.1218,0.326349,0
20220.0,20280.0,0,0.0,0.0,0.0,0.0,0.0,100.0,3,0.1304,0.349509,0
20280.0,20340.0,0,0.0,0.0,0.0,0.0,0.0,100.0,3,0.1168,0.313077,0
20340.0,20400.0,0,0.0,0.0,0.0,0.0,0.0,100.0,3,0.1256,0.336597,0
20400.0,20460.0,0,0.0,0.0,0.0,0.0,0.0,100.0,3,0.1241,0.332493,0
20460.0,20520.0,0,0.0,0.0,0.0,0.0,0.0,100.0,3,0.121,0.324288,0
20520.0,20580.0,0,0.0,0.0,0.0,0.0,0.0,100.0,3,0.1163,0.311751,0
20580.0,20640.0,0,0.0,0.0,0.0,0.0,0.0,100.0,3,0.1266,0.339246,0
20640.0,20700.0,0,0.0,0.0,0.0,0.0,0.0,100.0,3,0.1168,0.312957,0
20700.0,20760.0,0,0.0,0.0,0.0,0.0,0.0,100.0,3,0.1199,0.321282,0
20760.0,20820.0,0,0.0,0.0,0.0,0.0,0.0,100.0,3,0.1213,0.325143,0
20820.0,20880.0,0,0.0,0.0,0.0,0.0,0.0,100.0,3,0.1283,0.343716,0
20880.0,20940.0,0,0.0,0.0,0.0,0.0,0.0,100.0,3,0.1258,0.337197,0
20940.0,21000.0,0,0.0,0.0,0.0,0.0,0.0,100.0,3,0.122,0.327063,0
21000.0,21060.0,0,0.0,0.0,0.0,0.0,0.0,100.0,3,0.1253,0.335868,0
21060.0,21120.0,0,0.0,0.0,0.0,0.0,0.0,100.0,3,0.1229,0.329481,0
21120.0,21180.0,0,0.0,0.0,0.0,0.0,0.0,100.0,3,0.1225,0.328278,0
21180.0,21240.0,0,0.0,0.0,0.0,0.0,0.0,100.0,3,0.1277,0.342267,0
21240.0,21300.0,0,0.0,0.0,0.0,0.0,0.0,100.0,3,0.121,0.324168,0
21300.0,21360.0,0,0.0,0.0,0.0,0.0,0.0,100.0,3,0.123,0.329598,0
21360.0,21420.0,0,0.0,0.0,0.0,0.0,0.0,100.0,3,0.1218,0.326466,0
21420.0,21480.0,0,0.0,0.0,0.0,0.0,0.0,100.0,3,0.1281,0.343218,0
21480.0,21540.0,0,0.0,0.0,0.0,0.0,0.0,100.0,3,0.1166,0.31236,0
21540.0,21600.0,0,0.0,0.0,0.0,0.0,0.0,100.0,3,0.1315,0.352383,0
21600.0,21660.0,0,0.0,0.0,0.0,0.0,0.0,100.0,3,0.1242,0.332856,0
21660.0,21720.0,0,0.0,0.0,0.0,0.0,0.0,100.0,3,0.1193,0.319599,0
21720.0,21780.0,0,0.0,0.0,0.0,0.0,0.0,100.0,3,0.1303,0.349266,0
21780.0,21840.0,0,0.0,0.0,0.0,0.0,0.0,100.0,3,0.1166,0.312609,0
21840.0,21900.0,0,0.0,0.0,0.0,0.0,0.0,100.0,3,0.1265,0.338895,0
21900.0,21960.0,0,0.0,0.0,0.0,0.0,0.0,100.0,3,0.122,0.326946,0
21960.0,22020.0,0,0.0,0.0,0.0,0.0,0.0,100.0,3,0.1223,0.327669,0
22020.0,22080.0,0,0.0,0.0,0.0,0.0,0.0,100.0,3,0.1234,0.33069,0
22080.0,22140.0,0,0.0,0.0,0.0,0.0,0.0,100.0,3,0.1252,0.335505,0
22140.0,22200.0,0,0.0,0.0,0.0,0.0,0.0,100.0,3,0.122,0.326829,0
22200.0,22260.0,0,0.0,0.0,0.0,0.0,0.0,100.0,3,0.1252,0.335511,0
22260.0,22320.0,0,0.0,0.0,0.0,0.0,0.0,100.0,3,0.1269,0.339984,0
22320.0,22380.0,0,0.0,0.0,0.0,0.0,0.0,100.0,3,0.1297,0.347571,0
22380.0,22440.0,0,0.0,0.0,0.0,0.0,0.0,100.0,3,0.1318,0.353124,0
22440.0,22500.0,0,0.0,0.0,0.0,0.0,0.0,100.0,3,0.1233,0.330318,0
22500.0,22560.0,0,0.0,0.0,0.0,0.0,0.0,100.0,3,0.1186,0.317892,0
22560.0,22620.0,0,0.0,0.0,0.0,0.0,0.0,100.0,3,0.1217,0.326217,0
22620.0,22680.0,0,0.0,0.0,0.0,0.0,0.0,100.0,3,0.126,0.337674,0
22680.0,22740.0,0,0.0,0.0,0.0,0.0,0.0,100.0,3,0.1229,0.329361,0
22740.0,22800.0,0,0.0,0.0,0.0,0.0,0.0,100.0,3,0.123,0.329718,0
22800.0,22860.0,0,0.0,0.0,0.0,0.0,0.0,100.0,3,0.1218,0.326466,0
22860.0,22920.0,0,0.0,0.0,0.0,0.0,0.0,100.0,3,0.1233,0.330315,0
22920.0,22980.0,0,0.0,0.0,0.0,0.0,0.0,100.0,3,0.1254,0.336105,0
22980.0,23040.0,0,0.0,0.0,0.0,0.0,0.0,100.0,3,0.1221,0.327306,0
23040.0,23100.0,0,0.0,0.0,0.0,0.0,0.0,100.0,3,0.1251,0.335145,0
23100.0,23160.0,0,0.0,0.0,0.0,0.0,0.0,100.0,3,0.1267,0.339606,0
23160.0,23220.0,0,0.0,0.0,0.0,0.0,0.0,100.0,3,0.1189,0.31875,0
23220.0,23280.0,0,0.0,0.0,0.0,0.0,0.0,100.0,3,0.1216,0.325869,0
23280.0,23340.0,0,0.0,0.0,0.0,0.0,0.0,100.0,3,0.1237,0.33153,0
23340.0,23400.0,0,0.0,0.0,0.0,0.0,0.0,100.0,3,0.1226,0.328632,0
23400.0,23460.0,0,0.0,0.0,0.0,0.0,0.0,100.0,3,0.121,0.324174,0
23460.0,23520.0,0,0.0,0.0,0.0,0.0,0.0,100.0,3,0.1229,0.329481,0
23520.0,23580.0,0,0.0,0.0,0.0,0.0,0.0,100.0,3,0.1254,0.336006,0
23580.0,23640.0,0,0.0,0.0,0.0,0.0,0.0,100.0,3,0.1271,0.340566,0
23640.0,23700.0,0,0.0,0.0,0.0,0.0,0.0,100.0,3,0.1187,0.318141,0
23700.0,23760.0,0,0.0,0.0,0.0,0.0,0.0,100.0,3,0.1188,0.31827,0
23760.0,23820.0,0,0.0,0.0,0.0,0.0,0.0,100.0,3,0.1371,0.367461,0
23820.0,23880.0,0,0.0,0.0,0.0,0.0,0.0,100.0,3,0.1243,0.333222,0
23880.0,23940.0,0,0.0,0.0,0.0,0.0,0.0,100.0,3,0.1246,0.333939,0
23940.0,24000.0,0,0.0,0.0,0.0,0.0,0.0,100.0,3,0.1268,0.339864,0
24000.0,24060.0,0,0.0,0.0,0.0,0.0,0.0,100.0,3,0.1182,0.316824,0
24060.0,24120.0,0,0.0,0.0,0.0,0.0,0.0,100.0,3,0.1244,0.333459,0
24120.0,24180.0,0,0.0,0.0,0.0,0.0,0.0,100.0,3,0.1224,0.327906,0
24180.0,24240.0,0,0.0,0.0,0.0,0.0,0.0,100.0,3,0.1248,0.334545,0
24240.0,24300.0,0,0.0,0.0,0.0,0.0,0.0,100.0,3,0.1215,0.32562,0
24300.0,24360.0,0,0.0,0.0,0.0,0.0,0.0,100.0,3,0.1197,0.320673,0
24360.0,24420.0,0,0.0,0.0,0.0,0.0,0.0,100.0,3,0.1317,0.352875,0
24420.0,24480.0,0,0.0,0.0,0.0,0.0,0.0,100.0,3,0.1231,0.329961,0
24480.0,24540.0,0,0.0,0.0,0.0,0.0,0.0,100.0,3,0.1258,0.337065,0
24540.0,24600.0,0,0.0,0.0,0.0,0.0,0.0,100.0,3,0.1188,0.318513,0
24600.0,24660.0,0,0.0,0.0,0.0,0.0,0.0,100.0,3,0.1211,0.324642,0
24660.0,24720.0,0,0.0,0.0,0.0,0.0,0.0,100.0,3,0.1234,0.330813,0
24720.0,24780.0,0,0.0,0.0,0.0,0.0,0.0,100.0,3,0.1291,0.346008,0
24780.0,24840.0,0,0.0,0.0,0.0,0.0,0.0,100.0,3,0.123,0.329733,0
24840.0,24900.0,0,0.0,0.0,0.0,0.0,0.0,100.0,3,0.1199,0.321393,0
24900.0,24960.0,0,0.0,0.0,0.0,0.0,0.0,100.0,3,0.1216,0.325854,0
24960.0,25020.0,0,0.0,0.0,0.0,0.0,0.0,100.0,3,0.1193,0.319716,0
25020.0,25080.0,0,0.0,0.0,0.0,0.0,0.0,100.0,3,0.1206,0.3231,0
25080.0,25140.0,0,0.0,0.0,0.0,0.0,0.0,100.0,3,0.1215,0.325749,0
25140.0,25200.0,0,0.0,0.0,0.0,0.0,0.0,100.0,3,0.122,0.32706,0
25200.0,25260.0,0,0.0,0.0,0.0,0.0,0.0,100.0,3,0.1173,0.314286,0
25260.0,25320.0,0,0.0,0.0,0.0,0.0,0.0,100.0,3,0.122,0.326961,0
25320.0,25380.0,0,0.0,0.0,0.0,0.0,0.0,100.0,3,0.1249,0.334782,0
25380.0,25440.0,0,0.0,0.0,0.0,0.0,0.0,100.0,3,0.1251,0.335388,0
25440.0,25500.0,0,0.0,0.0,0.0,0.0,0.0,100.0,3,0.122,0.326955,0
25500.0,25560.0,0,0.0,0.0,0.0,0.0,0.0,100.0,3,0.1295,0.346965,0
25560.0,25620.0,0,0.0,0.0,0.0,0.0,0.0,100.0,3,0.1218,0.326349,0
25620.0,25680.0,0,0.0,0.0,0.0,0.0,0.0,100.0,3,0.1297,0.347688,0
25680.0,25740.0,0,0.0,0.0,0.0,0.0,0.0,100.0,3,0.1191,0.319101,0
25740.0,25800.0,0,0.0,0.0,0.0,0.0,0.0,100.0,3,0.1156,0.309702,0
25800.0,25860.0,0,0.0,0.0,0.0,0.0,0.0,100.0,3,0.1227,0.328749,0
25860.0,25920.0,0,0.0,0.0,0.0,0.0,0.0,100.0,3,0.1206,0.323088,0
25920.0,25980.0,0,0.0,0.0,0.0,0.0,0.0,100.0,3,0.1247,0.334308,0
25980.0,26040.0,0,0.0,0.0,0.0,0.0,0.0,100.0,3,0.1228,0.329115,0
26040.0,26100.0,0,0.0,0.0,0.0,0.0,0.0,100.0,3,0.1241,0.332616,0
26100.0,26160.0,0,0.0,0.0,0.0,0.0,0.0,100.0,3,0.1209,0.324045,0
26160.0,26220.0,0,0.0,0.0,0.0,0.0,0.0,100.0,3,0.1259,0.337434,0
26220.0,26280.0,0,0.0,0.0,0.0,0.0,0.0,100.0,3,0.1274,0.341418,0
26280.0,26340.0,0,0.0,0.0,0.0,0.0,0.0,100.0,3,0.1183,0.317055,0
26340.0,26400.0,0,0.0,0.0,0.0,0.0,0.0,100.0,3,0.1256,0.336729,0
26400.0,26460.0,0,0.0,0.0,0.0,0.0,0.0,100.0,3,0.1229,0.329481,0
26460.0,26520.0,0,0.0,0.0,0.0,0.0,0.0,100.0,3,0.1233,0.330315,0
26520.0,26580.0,0,0.0,0.0,0.0,0.0,0.0,100.0,3,0.1258,0.33708,0
26580.0,26640.0,0,0.0,0.0,0.0,0.0,0.0,100.0,3,0.1215,0.325497,0
26640.0,26700.0,0,0.0,0.0,0.0,0.0,0.0,100.0,3,0.1264,0.338778,0
26700.0,26760.0,0,0.0,0.0,0.0,0.0,0.0,100.0,3,0.1251,0.335136,0
26760.0,26820.0,0,0.0,0.0,0.0,0.0,0.0,100.0,3,0.1206,0.323208,0
26820.0,26880.0,0,0.0,0.0,0.0,0.0,0.0,100.0,3,0.1199,0.321402,0
26880.0,26940.0,0,0.0,0.0,0.0,0.0,0.0,100.0,3,0.1277,0.342264,0
26940.0,27000.0,0,0.0,0.0,0.0,0.0,0.0,100.0,3,0.1223,0.327789,0
27000.0,27060.0,0,0.0,0.0,0.0,0.0,0.0,100.0,3,0.1238,0.331641,0
27060.0,27120.0,0,0.0,0.0,0.0,0.0,0.0,100.0,3,0.1206,0.323331,0
27120.0,27180.0,0,0.0,0.0,0.0,0.0,0.0,100.0,3,0.1218,0.32634,0
27180.0,27240.0,0,0.0,0.0,0.0,0.0,0.0,100.0,3,0.1188,0.318273,0
27240.0,27300.0,0,0.0,0.0,0.0,0.0,0.0,100.0,3,0.1257,0.336957,0
27300.0,27360.0,0,0.0,0.0,0.0,0.0,0.0,100.0,3,0.1263,0.338397,0
27360.0,27420.0,0,0.0,0.0,0.0,0.0,0.0,100.0,3,0.13,0.348417,0
27420.0,27480.0,0,0.0,0.0,0.0,0.0,0.0,100.0,3,0.12,0.321525,0
27480.0,27540.0,0,0.0,0.0,0.0,0.0,0.0,100.0,3,0.1236,0.331278,0
27540.0,27600.0,0,0.0,0.0,0.0,0.0,0.0,100.0,3,0.126,0.337674,0
27600.0,27660.0,0,0.0,0.0,0.0,0.0,0.0,100.0,3,0.1251,0.335262,0
27660.0,27720.0,0,0.0,0.0,0.0,0.0,0.0,100.0,3,0.1202,0.322002,0
27720.0,27780.0,0,0.0,0.0,0.0,0.0,0.0,100.0,3,0.1272,0.340941,0
27780.0,27840.0,0,0.0,0.0,0.0,0.0,0.0,100.0,3,0.1211,0.324657,0
27840.0,27900.0,0,0.0,0.0,0.0,0.0,0.0,100.0,3,0.1202,0.322134,0
27900.0,27960.0,0,0.0,0.0,0.0,0.0,0.0,100.0,3,0.1215,0.325485,0
27960.0,28020.0,0,0.0,0.0,0.0,0.0,0.0,100.0,3,0.119,0.318993,0
28020.0,28080.0,0,0.0,0.0,0.0,0.0,0.0,100.0,3,0.1214,0.325374,0
28080.0,28140.0,0,0.0,0.0,0.0,0.0,0.0,100.0,3,0.1239,0.332136,0
28140.0,28200.0,0,0.0,0.0,0.0,0.0,0.0,100.0,3,0.1236,0.331167,0
28200.0,28260.0,0,0.0,0.0,0.0,0.0,0.0,100.0,3,0.1204,0.322722,0
28260.0,28320.0,0,0.0,0.0,0.0,0.0,0.0,100.0,3,0.1227,0.328884,0
28320.0,28380.0,0,0.0,0.0,0.0,0.0,0.0,100.0,3,0.124,0.332373,0
28380.0,28440.0,0,0.0,0.0,0.0,0.0,0.0,100.0,3,0.1284,0.344076,0
28440.0,28500.0,0,0.0,0.0,0.0,0.0,0.0,100.0,3,0.1241,0.332499,0
28500.0,28560.0,0,0.0,0.0,0.0,0.0,0.0,100.0,3,0.1218,0.326334,0
28560.0,28620.0,0,0.0,0.0,0.0,0.0,0.0,100.0,3,0.1311,0.351306,0
28620.0,28680.0,0,0.0,0.0,0.0,0.0,0.0,100.0,3,0.1223,0.327672,0
28680.0,28740.0,0,0.0,0.0,0.0,0.0,0.0,100.0,3,0.1175,0.315009,0
28740.0,28800.0,0,0.0,0.0,0.0,0.0,0.0,100.0,3,0.1254,0.335991,0
28800.0,28860.0,0,0.0,0.0,0.0,0.0,0.0,100.0,3,0.125,0.335022,0
28860.0,28920.0,0,0.0,0.0,0.0,0.0,0.0,100.0,3,0.1235,0.330927,0
28920.0,28980.0,0,0.0,0.0,0.0,0.0,0.0,100.0,3,0.1265,0.339129,0
28980.0,29040.0,0,0.0,0.0,0.0,0.0,0.0,100.0,3,0.1247,0.334065,0
29040.0,29100.0,0,0.0,0.0,0.0,0.0,0.0,100.0,3,0.1191,0.31911,0
29100.0,29160.0,0,0.0,0.0,0.0,0.0,0.0,100.0,3,0.1267,0.339606,0
29160.0,29220.0,0,0.0,0.0,0.0,0.0,0.0,100.0,3,0.1201,0.321879,0
29220.0,29280.0,0,0.0,0.0,0.0,0.0,0.0,100.0,3,0.1114,0.298485,0
29280.0,29340.0,0,0.0,0.0,0.0,0.0,0.0,100.0,3,0.1242,0.332745,0
29340.0,29400.0,0,0.0,0.0,0.0,0.0,0.0,100.0,3,0.122,0.326838,0
29400.0,29460.0,0,0.0,0.0,0.0,0.0,0.0,100.0,3,0.1194,0.319959,0
29460.0,29520.0,0,0.0,0.0,0.0,0.0,0.0,100.0,3,0.1207,0.323574,0
29520.0,29580.0,0,0.0,0.0,0.0,0.0,0.0,100.0,3,0.1233,0.330573,0
29580.0,29640.0,0,0.0,0.0,0.0,0.0,0.0,100.0,3,0.1225,0.328278,0
29640.0,29700.0,0,0.0,0.0,0.0,0.0,0.0,100.0,3,0.1214,0.32538,0
29700.0,29760.0,0,0.0,0.0,0.0,0.0,0.0,100.0,3,0.1202,0.322125,0
29760.0,29820.0,0,0.0,0.0,0.0,0.0,0.0,100.0,3,0.1222,0.327552,0
29820.0,29880.0,0,0.0,0.0,0.0,0.0,0.0,100.0,3,0.114,0.305598,0
29880.0,29940.0,0,0.0,0.0,0.0,0.0,0.0,100.0,3,0.1305,0.349608,0
29940.0,30000.0,0,0.0,0.0,0.0,0.0,0.0,100.0,3,0.121,0.324297,0
30000.0,30060.0,0,0.0,0.0,0.0,0.0,0.0,100.0,3,0.1199,0.321405,0
30060.0,30120.0,0,0.0,0.0,0.0,0.0,0.0,100.0,3,0.1166,0.312348,0
30120.0,30180.0,0,0.0,0.0,0.0,0.0,0.0,100.0,3,0.1182,0.316827,0
30180.0,30240.0,0,0.0,0.0,0.0,0.0,0.0,100.0,3,0.1225,0.328278,0
30240.0,30300.0,0,0.0,0.0,0.0,0.0,0.0,100.0,3,0.1243,0.333105,0
30300.0,30360.0,0,0.0,0.0,0.0,0.0,0.0,100.0,3,0.121,0.324177,0
30360.0,30420.0,0,0.0,0.0,0.0,0.0,0.0,100.0,3,0.1308,0.350586,0
30420.0,30480.0,0,0.0,0.0,0.0,0.0,0.0,100.0,3,0.1167,0.312828,0
30480.0,30540.0,0,0.0,0.0,0.0,0.0,0.0,100.0,3,0.1241,0.332499,0
30540.0,30600.0,0,0.0,0.0,0.0,0.0,0.0,100.0,3,0.1237,0.331401,0
30600.0,30660.0,0,0.0,0.0,0.0,0.0,0.0,100.0,3,0.1259,0.33732,0
30660.0,30720.0,0,0.0,0.0,0.0,0.0,0.0,100.0,3,0.1182,0.316692,0
30720.0,30780.0,0,0.0,0.0,0.0,0.0,0.0,100.0,3,0.1217,0.326103,0
30780.0,30840.0,0,0.0,0.0,0.0,0.0,0.0,100.0,3,0.121,0.324288,0
30840.0,30900.0,0,0.0,0.0,0.0,0.0,0.0,100.0,3,0.1246,0.333942,0
30900.0,30960.0,0,0.0,0.0,0.0,0.0,0.0,100.0,3,0.1262,0.338175,0
30960.0,31020.0,0,0.0,0.0,0.0,0.0,0.0,100.0,3,0.1206,0.32322,0
31020.0,31080.0,0,0.0,0.0,0.0,0.0,0.0,100.0,3,0.1238,0.331893,0
31080.0,31140.0,0,0.0,0.0,0.0,0.0,0.0,100.0,3,0.1192,0.319356,0
31140.0,31200.0,0,0.0,0.0,0.0,0.0,0.0,100.0,3,0.1206,0.323094,0
31200.0,31260.0,0,0.0,0.0,0.0,0.0,0.0,100.0,3,0.1278,0.342618,0
31260.0,31320.0,0,0.0,0.0,0.0,0.0,0.0,100.0,3,0.1246,0.333945,0
31320.0,31380.0,0,0.0,0.0,0.0,0.0,0.0,100.0,3,0.1139,0.305235,0
31380.0,31440.0,0,0.0,0.0,0.0,0.0,0.0,100.0,3,0.1248,0.334413,0
31440.0,31500.0,0,0.0,0.0,0.0,0.0,0.0,100.0,3,0.1293,0.346479,0
31500.0,31560.0,0,0.0,0.0,0.0,0.0,0.0,100.0,3,0.1193,0.31959,0
31560.0,31620.0,0,0.0,0.0,0.0,0.0,0.0,100.0,3,0.1242,0.33297,0
31620.0,31680.0,0,0.0,0.0,0.0,0.0,0.0,100.0,3,0.1229,0.329343,0
31680.0,31740.0,0,0.0,0.0,0.0,0.0,0.0,100.0,3,0.1229,0.329472,0
31740.0,31800.0,0,0.0,0.0,0.0,0.0,0.0,100.0,3,0.1143,0.306324,0
31800.0,31860.0,0,0.0,0.0,0.0,0.0,0.0,100.0,3,0.1178,0.315609,0
31860.0,31920.0,0,0.0,0.0,0.0,0.0,0.0,100.0,3,0.1235,0.331038,0
31920.0,31980.0,0,0.0,0.0,0.0,0.0,0.0,100.0,3,0.1236,0.331287,0
31980.0,32040.0,0,0.0,0.0,0.0,0.0,0.0,100.0,3,0.1217,0.326106,0
32040.0,32100.0,0,0.0,0.0,0.0,0.0,0.0,100.0,3,0.1238,0.331767,0
32100.0,32160.0,0,0.0,0.0,0.0,0.0,0.0,100.0,3,0.1216,0.325971,0
32160.0,32220.0,0,0.0,0.0,0.0,0.0,0.0,100.0,3,0.1303,0.349248,0
32220.0,32280.0,0,0.0,0.0,0.0,0.0,0.0,100.0,3,0.1235,0.330927,0
32280.0,32340.0,0,0.0,0.0,0.0,0.0,0.0,100.0,3,0.1267,0.339498,0
32340.0,32400.0,0,0.0,0.0,0.0,0.0,0.0,100.0,3,0.1247,0.334179,0
32400.0,32460.0,0,0.0,0.0,0.0,0.0,0.0,100.0,3,0.1222,0.327444,0
32460.0,32520.0,0,0.0,0.0,0.0,0.0,0.0,100.0,3,0.1252,0.335502,0
32520.0,32580.0,0,0.0,0.0,0.0,0.0,0.0,100.0,3,0.1241,0.332496,0
32580.0,32640.0,0,0.0,0.0,0.0,0.0,0.0,100.0,3,0.1192,0.319467,0
32640.0,32700.0,0,0.0,0.0,0.0,0.0,0.0,100.0,3,0.1242,0.332985,0
32700.0,32760.0,0,0.0,0.0,0.0,0.0,0.0,100.0,3,0.1239,0.332142,0
32760.0,32820.0,0,0.0,0.0,0.0,0.0,0.0,100.0,3,0.1238,0.331647,0
32820.0,32880.0,0,0.0,0.0,0.0,0.0,0.0,100.0,3,0.126,0.337683,0
32880.0,32940.0,0,0.0,0.0,0.0,0.0,0.0,100.0,3,0.1238,0.33189,0
32940.0,33000.0,0,0.0,0.0,0.0,0.0,0.0,100.0,3,0.1264,0.338757,0
33000.0,33060.0,0,0.0,0.0,0.0,0.0,0.0,100.0,3,0.1204,0.322716,0
33060.0,33120.0,0,0.0,0.0,0.0,0.0,0.0,100.0,3,0.1224,0.327909,0
33120.0,33180.0,0,0.0,0.0,0.0,0.0,0.0,100.0,3,0.1257,0.336957,0
33180.0,33240.0,0,0.0,0.0,0.0,0.0,0.0,100.0,3,0.126,0.337689,0
33240.0,33300.0,0,0.0,0.0,0.0,0.0,0.0,100.0,3,0.1224,0.327912,0
33300.0,33360.0,0,0.0,0.0,0.0,0.0,0.0,100.0,3,0.1246,0.333948,0
33360.0,33420.0,0,0.0,0.0,0.0,0.0,0.0,100.0,3,0.1274,0.341409,0
33420.0,33480.0,0,0.0,0.0,0.0,0.0,0.0,100.0,3,0.12,0.321645,0
33480.0,33540.0,0,0.0,0.0,0.0,0.0,0.0,100.0,3,0.1255,0.336231,0
33540.0,33600.0,0,0.0,0.0,0.0,0.0,0.0,100.0,3,0.1198,0.321165,0
33600.0,33660.0,0,0.0,0.0,0.0,0.0,0.0,100.0,3,0.1202,0.321996,0
33660.0,33720.0,0,0.0,0.0,0.0,0.0,0.0,100.0,3,0.1265,0.339129,0
33720.0,33780.0,0,0.0,0.0,0.0,0.0,0.0,100.0,3,0.1173,0.314292,0
33780.0,33840.0,0,0.0,0.0,0.0,0.0,0.0,100.0,3,0.119,0.318981,0
33840.0,33900.0,0,0.0,0.0,0.0,0.0,0.0,100.0,3,0.1208,0.323817,0
33900.0,33960.0,0,0.0,0.0,0.0,0.0,0.0,100.0,3,0.1238,0.331884,0
33960.0,34020.0,0,0.0,0.0,0.0,0.0,0.0,100.0,3,0.1238,0.331761,0
34020.0,34080.0,0,0.0,0.0,0.0,0.0,0.0,100.0,3,0.1113,0.298365,0
34080.0,34140.0,0,0.0,0.0,0.0,0.0,0.0,100.0,3,0.1244,0.333342,0
34140.0,34200.0,0,0.0,0.0,0.0,0.0,0.0,100.0,3,0.1172,0.314043,0
34200.0,34260.0,0,0.0,0.0,0.0,0.0,0.0,100.0,3,0.1215,0.325743,0
34260.0,34320.0,0,0.0,0.0,0.0,0.0,0.0,100.0,3,0.1247,0.334293,0
34320.0,34380.0,0,0.0,0.0,0.0,0.0,0.0,100.0,3,0.1285,0.344307,0
34380.0,34440.0,0,0.0,0.0,0.0,0.0,0.0,100.0,3,0.123,0.329721,0
34440.0,34500.0,0,0.0,0.0,0.0,0.0,0.0,100.0,3,0.13,0.3483,0
34500.0,34560.0,0,0.0,0.0,0.0,0.0,0.0,100.0,3,0.121,0.32418,0
34560.0,34620.0,0,0.0,0.0,0.0,0.0,0.0,100.0,3,0.1263,0.3384,0
34620.0,34680.0,0,0.0,0.0,0.0,0.0,0.0,100.0,3,0.119,0.318873,0
34680.0,34740.0,0,0.0,0.0,0.0,0.0,0.0,100.0,3,0.1243,0.333093,0
34740.0,34800.0,0,0.0,0.0,0.0,0.0,0.0,100.0,3,0.127,0.340323,0
34800.0,34860.0,0,0.0,0.0,0.0,0.0,0.0,100.0,3,0.1216,0.325983,0
34860.0,34920.0,0,0.0,0.0,0.0,0.0,0.0,100.0,3,0.1222,0.327552,0
34920.0,34980.0,0,0.0,0.0,0.0,0.0,0.0,100.0,3,0.1303,0.34926,0
34980.0,35040.0,0,0.0,0.0,0.0,0.0,0.0,100.0,3,0.1259,0.337311,0
35040.0,35100.0,0,0.0,0.0,0.0,0.0,0.0,100.0,3,0.1163,0.311745,0
35100.0,35160.0,0,0.0,0.0,0.0,0.0,0.0,100.0,3,0.117,0.313428,0
35160.0,35220.0,0,0.0,0.0,0.0,0.0,0.0,100.0,3,0.123,0.329595,0
35220.0,35280.0,0,0.0,0.0,0.0,0.0,0.0,100.0,3,0.1192,0.319464,0
35280.0,35340.0,0,0.0,0.0,0.0,0.0,0.0,100.0,3,0.1232,0.330087,0
35340.0,35400.0,0,0.0,0.0,0.0,0.0,0.0,100.0,3,0.1172,0.31416,0
35400.0,35460.0,0,0.0,0.0,0.0,0.0,0.0,100.0,3,0.1251,0.335388,0
35460.0,35520.0,0,0.0,0.0,0.0,0.0,0.0,100.0,3,0.1295,0.347076,0
35520.0,35580.0,0,0.0,0.0,0.0,0.0,0.0,100.0,3,0.1178,0.315615,0
35580.0,35640.0,0,0.0,0.0,0.0,0.0,0.0,100.0,3,0.1138,0.304998,0
35640.0,35700.0,0,0.0,0.0,0.0,0.0,0.0,100.0,3,0.1235,0.330921,0
35700.0,35760.0,0,0.0,0.0,0.0,0.0,0.0,100.0,3,0.1237,0.331536,0
35760.0,35820.0,0,0.0,0.0,0.0,0.0,0.0,100.0,3,0.1214,0.32526,0
35820.0,35880.0,0,0.0,0.0,0.0,0.0,0.0,100.0,3,0.1175,0.314889,0
35880.0,35940.0,0,0.0,0.0,0.0,0.0,0.0,100.0,3,0.1225,0.328275,0
35940.0,36000.0,0,0.0,0.0,0.0,0.0,0.0,100.0,3,0.1154,0.309342,0
36000.0,36060.0,0,0.0,0.0,0.0,0.0,0.0,100.0,3,0.1301,0.348765,0
36060.0,36120.0,0,0.0,0.0,0.0,0.0,0.0,100.0,3,0.1253,0.335748,0
36120.0,36180.0,0,0.0,0.0,0.0,0.0,0.0,100.0,3,0.117,0.31356,0
36180.0,36240.0,0,0.0,0.0,0.0,0.0,0.0,100.0,3,0.1215,0.325734,0
36240.0,36300.0,0,0.0,0.0,0.0,0.0,0.0,100.0,3,0.1208,0.323808,0
36300.0,36360.0,0,0.0,0.0,0.0,0.0,0.0,100.0,3,0.1244,0.333342,0
36360.0,36420.0,0,0.0,0.0,0.0,0.0,0.0,100.0,3,0.1249,0.334791,0
36420.0,36480.0,0,0.0,0.0,0.0,0.0,0.0,100.0,3,0.122,0.326949,0
36480.0,36540.0,0,0.0,0.0,0.0,0.0,0.0,100.0,3,0.128,0.343101,0
36540.0,36600.0,0,0.0,0.0,0.0,0.0,0.0,100.0,3,0.1276,0.341889,0
36600.0,36660.0,0,0.0,0.0,0.0,0.0,0.0,100.0,3,0.1186,0.317892,0
36660.0,36720.0,0,0.0,0.0,0.0,0.0,0.0,100.0,3,0.1159,0.310665,0
36720.0,36780.0,0,0.0,0.0,0.0,0.0,0.0,100.0,3,0.1225,0.328389,0
36780.0,36840.0,0,0.0,0.0,0.0,0.0,0.0,100.0,3,0.1235,0.331038,0
36840.0,36900.0,0,0.0,0.0,0.0,0.0,0.0,100.0,3,0.119,0.31899,0
36900.0,36960.0,0,0.0,0.0,0.0,0.0,0.0,100.0,3,0.1263,0.338523,0
36960.0,37020.0,0,0.0,0.0,0.0,0.0,0.0,100.0,3,0.1217,0.326097,0
37020.0,37080.0,0,0.0,0.0,0.0,0.0,0.0,100.0,3,0.121,0.324171,0
37080.0,37140.0,0,0.0,0.0,0.0,0.0,0.0,100.0,3,0.1254,0.335982,0
37140.0,37200.0,0,0.0,0.0,0.0,0.0,0.0,100.0,3,0.1197,0.320787,0
37200.0,37260.0,0,0.0,0.0,0.0,0.0,0.0,100.0,3,0.12,0.321513,0
37260.0,37320.0,0,0.0,0.0,0.0,0.0,0.0,100.0,3,0.1204,0.322602,0
37320.0,37380.0,0,0.0,0.0,0.0,0.0,0.0,100.0,3,0.118,0.316221,0
37380.0,37440.0,0,0.0,0.0,0.0,0.0,0.0,100.0,3,0.1194,0.319935,0
37440.0,37500.0,0,0.0,0.0,0.0,0.0,0.0,100.0,3,0.1191,0.319227,0
37500.0,37560.0,0,0.0,0.0,0.0,0.0,0.0,100.0,3,0.1204,0.322716,0
37560.0,37620.0,0,0.0,0.0,0.0,0.0,0.0,100.0,3,0.1235,0.330933,0
37620.0,37680.0,0,0.0,0.0,0.0,0.0,0.0,100.0,3,0.1204,0.322611,0
37680.0,37740.0,0,0.0,0.0,0.0,0.0,0.0,100.0,3,0.1224,0.328032,0
37740.0,37800.0,0,0.0,0.0,0.0,0.0,0.0,100.0,3,0.1246,0.333942,0
37800.0,37860.0,0,0.0,0.0,0.0,0.0,0.0,100.0,3,0.1192,0.319344,0
37860.0,37920.0,0,0.0,0.0,0.0,0.0,0.0,100.0,3,0.1292,0.346245,0
37920.0,37980.0,0,0.0,0.0,0.0,0.0,0.0,100.0,3,0.1216,0.32586,0
37980.0,38040.0,0,0.0,0.0,0.0,0.0,0.0,100.0,3,0.1238,0.331656,0
38040.0,38100.0,0,0.0,0.0,0.0,0.0,0.0,100.0,3,0.1175,0.314898,0
38100.0,38160.0,0,0.0,0.0,0.0,0.0,0.0,100.0,3,0.1253,0.335868,0
38160.0,38220.0,0,0.0,0.0,0.0,0.0,0.0,100.0,3,0.1174,0.314652,0
38220.0,38280.0,0,0.0,0.0,0.0,0.0,0.0,100.0,3,0.1153,0.309087,0
38280.0,38340.0,0,0.0,0.0,0.0,0.0,0.0,100.0,3,0.1238,0.331764,0
38340.0,38400.0,0,0.0,0.0,0.0,0.0,0.0,100.0,3,0.1242,0.332727,0
38400.0,38460.0,0,0.0,0.0,0.0,0.0,0.0,100.0,3,0.1259,0.337434,0
38460.0,38520.0,0,0.0,0.0,0.0,0.0,0.0,100.0,3,0.1164,0.311871,0
38520.0,38580.0,0,0.0,0.0,0.0,0.0,0.0,100.0,3,0.1237,0.331401,0
38580.0,38640.0,0,0.0,0.0,0.0,0.0,0.0,100.0,3,0.1239,0.332019,0
38640.0,38700.0,0,0.0,0.0,0.0,0.0,0.0,100.0,3,0.1199,0.321402,0
38700.0,38760.0,0,0.0,0.0,0.0,0.0,0.0,100.0,3,0.1194,0.31995,0
38760.0,38820.0,0,0.0,0.0,0.0,0.0,0.0,100.0,3,0.1266,0.339369,0
38820.0,38880.0,0,0.0,0.0,0.0,0.0,0.0,100.0,3,0.1223,0.327672,0
38880.0,38940.0,0,0.0,0.0,0.0,0.0,0.0,100.0,3,0.1296,0.347442,0
38940.0,39000.0,0,0.0,0.0,0.0,0.0,0.0,100.0,3,0.1245,0.333582,0
39000.0,39060.0,0,0.0,0.0,0.0,0.0,0.0,100.0,3,0.1199,0.321393,0
39060.0,39120.0,0,0.0,0.0,0.0,0.0,0.0,100.0,3,0.1219,0.326589,0
39120.0,39180.0,0,0.0,0.0,0.0,0.0,0.0,100.0,3,0.1147,0.30741,0
39180.0,39240.0,0,0.0,0.0,0.0,0.0,0.0,100.0,3,0.1217,0.326223,0
39240.0,39300.0,0,0.0,0.0,0.0,0.0,0.0,100.0,3,0.1239,0.332136,0
39300.0,39360.0,0,0.0,0.0,0.0,0.0,0.0,100.0,3,0.1199,0.321273,0
39360.0,39420.0,0,0.0,0.0,0.0,0.0,0.0,100.0,3,0.1175,0.315003,0
39420.0,39480.0,0,0.0,0.0,0.0,0.0,0.0,100.0,3,0.1217,0.326094,0
39480.0,39540.0,0,0.0,0.0,0.0,0.0,0.0,100.0,3,0.1211,0.32466,0
39540.0,39600.0,0,0.0,0.0,0.0,0.0,0.0,100.0,3,0.1192,0.319341,0
39600.0,39660.0,0,0.0,0.0,0.0,0.0,0.0,100.0,3,0.117,0.313686,0
39660.0,39720.0,0,0.0,0.0,0.0,0.0,0.0,100.0,3,0.1306,0.349989,0
39720.0,39780.0,0,0.0,0.0,0.0,0.0,0.0,100.0,3,0.1202,0.321996,0
39780.0,39840.0,0,0.0,0.0,0.0,0.0,0.0,100.0,3,0.1266,0.339366,0
39840.0,39900.0,0,0.0,0.0,0.0,0.0,0.0,100.0,3,0.1229,0.329244,0
39900.0,39960.0,0,0.0,0.0,0.0,0.0,0.0,100.0,3,0.1202,0.322137,0
39960.0,40020.0,0,0.0,0.0,0.0,0.0,0.0,100.0,3,0.1241,0.332496,0
40020.0,40080.0,0,0.0,0.0,0.0,0.0,0.0,100.0,3,0.1238,0.331776,0
40080.0,40140.0,0,0.0,0.0,0.0,0.0,0.0,100.0,3,0.1222,0.327555,0
40140.0,40200.0,0,0.0,0.0,0.0,0.0,0.0,100.0,3,0.1264,0.338646,0
40200.0,40260.0,0,0.0,0.0,0.0,0.0,0.0,100.0,3,0.1245,0.333576,0
40260.0,40320.0,0,0.0,0.0,0.0,0.0,0.0,100.0,3,0.1205,0.322971,0
40320.0,40380.0,0,0.0,0.0,0.0,0.0,0.0,100.0,3,0.1224,0.327912,0
40380.0,40440.0,0,0.0,0.0,0.0,0.0,0.0,100.0,3,0.1182,0.316704,0
40440.0,40500.0,0,0.0,0.0,0.0,0.0,0.0,100.0,3,0.1225,0.328263,0
40500.0,40560.0,0,0.0,0.0,0.0,0.0,0.0,100.0,3,0.1168,0.313101,0
40560.0,40620.0,0,0.0,0.0,0.0,0.0,0.0,100.0,3,0.1242,0.332739,0
40620.0,40680.0,0,0.0,0.0,0.0,0.0,0.0,100.0,3,0.1286,0.344664,0
40680.0,40740.0,0,0.0,0.0,0.0,0.0,0.0,100.0,3,0.1203,0.322488,0
40740.0,40800.0,0,0.0,0.0,0.0,0.0,0.0,100.0,3,0.1193,0.319725,0
40800.0,40860.0,0,0.0,0.0,0.0,0.0,0.0,100.0,3,0.121,0.324174,0
40860.0,40920.0,0,0.0,0.0,0.0,0.0,0.0,100.0,3,0.1204,0.322731,0
40920.0,40980.0,0,0.0,0.0,0.0,0.0,0.0,100.0,3,0.1201,0.321891,0
40980.0,41040.0,0,0.0,0.0,0.0,0.0,0.0,100.0,3,0.1266,0.339243,0
41040.0,41100.0,0,0.0,0.0,0.0,0.0,0.0,100.0,3,0.1229,0.329232,0
41100.0,41160.0,0,0.0,0.0,0.0,0.0,0.0,100.0,3,0.1208,0.323817,0
41160.0,41220.0,0,0.0,0.0,0.0,0.0,0.0,100.0,3,0.1224,0.3279,0
41220.0,41280.0,0,0.0,0.0,0.0,0.0,0.0,100.0,3,0.1186,0.317889,0
41280.0,41340.0,0,0.0,0.0,0.0,0.0,0.0,100.0,3,0.1274,0.341544,0
41340.0,41400.0,0,0.0,0.0,0.0,0.0,0.0,100.0,3,0.1262,0.338166,0
41400.0,41460.0,0,0.0,0.0,0.0,0.0,0.0,100.0,3,0.1247,0.334176,0
41460.0,41520.0,0,0.0,0.0,0.0,0.0,0.0,100.0,3,0.1233,0.33045,0
41520.0,41580.0,0,0.0,0.0,0.0,0.0,0.0,100.0,3,0.1187,0.318021,0
41580.0,41640.0,0,0.0,0.0,0.0,0.0,0.0,100.0,3,0.1167,0.31272,0
41640.0,41700.0,0,0.0,0.0,0.0,0.0,0.0,100.0,3,0.1229,0.329475,0
41700.0,41760.0,0,0.0,0.0,0.0,0.0,0.0,100.0,3,0.121,0.324171,0
41760.0,41820.0,0,0.0,0.0,0.0,0.0,0.0,100.0,3,0.1192,0.319467,0
41820.0,41880.0,0,0.0,0.0,0.0,0.0,0.0,100.0,3,0.1282,0.343713,0
41880.0,41940.0,0,0.0,0.0,0.0,0.0,0.0,100.0,3,0.1219,0.326703,0
41940.0,42000.0,0,0.0,0.0,0.0,0.0,0.0,100.0,3,0.1163,0.311745,0
42000.0,42060.0,0,0.0,0.0,0.0,0.0,0.0,100.0,3,0.1197,0.320925,0
42060.0,42120.0,0,0.0,0.0,0.0,0.0,0.0,100.0,3,0.1206,0.323196,0
42120.0,42180.0,0,0.0,0.0,0.0,0.0,0.0,100.0,3,0.1169,0.313314,0
42180.0,42240.0,0,0.0,0.0,0.0,0.0,0.0,100.0,3,0.1269,0.340092,0
42240.0,42300.0,0,0.0,0.0,0.0,0.0,0.0,100.0,3,0.1255,0.336225,0
42300.0,42360.0,0,0.0,0.0,0.0,0.0,0.0,100.0,3,0.1167,0.312717,0
42360.0,42420.0,0,0.0,0.0,0.0,0.0,0.0,100.0,3,0.1268,0.339846,0
42420.0,42480.0,0,0.0,0.0,0.0,0.0,0.0,100.0,3,0.126,0.337554,0
42480.0,42540.0,0,0.0,0.0,0.0,0.0,0.0,100.0,3,0.1197,0.320679,0
42540.0,42600.0,0,0.0,0.0,0.0,0.0,0.0,100.0,3,0.1176,0.315249,0
42600.0,42660.0,0,0.0,0.0,0.0,0.0,0.0,100.0,3,0.1178,0.315609,0
42660.0,42720.0,0,0.0,0.0,0.0,0.0,0.0,100.0,3,0.1214,0.325263,0
42720.0,42780.0,0,0.0,0.0,0.0,0.0,0.0,100.0,3,0.1195,0.32019,0
42780.0,42840.0,0,0.0,0.0,0.0,0.0,0.0,100.0,3,0.1212,0.324786,0
42840.0,42900.0,0,0.0,0.0,0.0,0.0,0.0,100.0,3,0.1233,0.330567,0
42900.0,42960.0,0,0.0,0.0,0.0,0.0,0.0,100.0,3,0.1172,0.31404,0
42960.0,43020.0,0,0.0,0.0,0.0,0.0,0.0,100.0,3,0.1273,0.341055,0
43020.0,43080.0,0,0.0,0.0,0.0,0.0,0.0,100.0,3,0.1195,0.32031,0
43080.0,43140.0,0,0.0,0.0,0.0,0.0,0.0,100.0,3,0.1215,0.32562,0
43140.0,43200.0,0,0.0,0.0,0.0,0.0,0.0,100.0,3,0.1249,0.334782,0
43200.0,43260.0,0,0.0,0.0,0.0,0.0,0.0,100.0,3,0.123,0.329715,0
43260.0,43320.0,0,0.0,0.0,0.0,0.0,0.0,100.0,3,0.1173,0.314286,0
43320.0,43380.0,0,0.0,0.0,0.0,0.0,0.0,100.0,3,0.1182,0.316815,0
43380.0,43440.0,0,0.0,0.0,0.0,0.0,0.0,100.0,3,0.1241,0.332619,0
43440.0,43500.0,0,0.0,0.0,0.0,0.0,0.0,100.0,3,0.1235,0.331047,0
43500.0,43560.0,0,0.0,0.0,0.0,0.0,0.0,100.0,3,0.1215,0.32562,0
43560.0,43620.0,0,0.0,0.0,0.0,0.0,0.0,100.0,3,0.1139,0.305121,0
43620.0,43680.0,0,0.0,0.0,0.0,0.0,0.0,100.0,3,0.1194,0.320073,0
43680.0,43740.0,0,0.0,0.0,0.0,0.0,0.0,100.0,3,0.1207,0.323559,0
43740.0,43800.0,0,0.0,0.0,0.0,0.0,0.0,100.0,3,0.1237,0.331521,0
43800.0,43860.0,0,0.0,0.0,0.0,0.0,0.0,100.0,3,0.1295,0.346968,0
43860.0,43920.0,0,0.0,0.0,0.0,0.0,0.0,100.0,3,0.1201,0.321876,0
43920.0,43980.0,0,0.0,0.0,0.0,0.0,0.0,100.0,3,0.1275,0.34179,0
43980.0,44040.0,0,0.0,0.0,0.0,0.0,0.0,100.0,3,0.1208,0.323703,0
44040.0,44100.0,0,0.0,0.0,0.0,0.0,0.0,100.0,3,0.1179,0.315966,0
44100.0,44160.0,0,0.0,0.0,0.0,0.0,0.0,100.0,3,0.1167,0.312828,0
44160.0,44220.0,0,0.0,0.0,0.0,0.0,0.0,100.0,3,0.1198,0.321036,0
44220.0,44280.0,0,0.0,0.0,0.0,0.0,0.0,100.0,3,0.1186,0.317901,0
44280.0,44340.0,0,0.0,0.0,0.0,0.0,0.0,100.0,3,0.1203,0.322482,0
44340.0,44400.0,0,0.0,0.0,0.0,0.0,0.0,100.0,3,0.1144,0.306681,0
44400.0,44460.0,0,0.0,0.0,0.0,0.0,0.0,100.0,3,0.1143,0.306333,0
44460.0,44520.0,0,0.0,0.0,0.0,0.0,0.0,100.0,3,0.1309,0.35094,0
44520.0,44580.0,0,0.0,0.0,0.0,0.0,0.0,100.0,3,0.1156,0.309828,0
44580.0,44640.0,0,0.0,0.0,0.0,0.0,0.0,100.0,3,0.1273,0.341073,0
44640.0,44700.0,0,0.0,0.0,0.0,0.0,0.0,100.0,3,0.1215,0.325509,0
44700.0,44760.0,0,0.0,0.0,0.0,0.0,0.0,100.0,3,0.1193,0.319836,0
44760.0,44820.0,0,0.0,0.0,0.0,0.0,0.0,100.0,3,0.1235,0.331044,0
44820.0,44880.0,0,0.0,0.0,0.0,0.0,0.0,100.0,3,0.1237,0.331419,0
44880.0,44940.0,0,0.0,0.0,0.0,0.0,0.0,100.0,3,0.1186,0.317784,0
44940.0,45000.0,0,0.0,0.0,0.0,0.0,0.0,100.0,3,0.1248,0.334428,0
45000.0,45060.0,0,0.0,0.0,0.0,0.0,0.0,100.0,3,0.1226,0.328512,0
45060.0,45120.0,0,0.0,0.0,0.0,0.0,0.0,100.0,3,0.1197,0.320805,0
45120.0,45180.0,0,0.0,0.0,0.0,0.0,0.0,100.0,3,0.116,0.310908,0
45180.0,45240.0,0,0.0,0.0,0.0,0.0,0.0,100.0,3,0.1251,0.335151,0
45240.0,45300.0,0,0.0,0.0,0.0,0.0,0.0,100.0,3,0.124,0.332373,0
45300.0,45360.0,0,0.0,0.0,0.0,0.0,0.0,100.0,3,0.117,0.31344,0
45360.0,45420.0,0,0.0,0.0,0.0,0.0,0.0,100.0,3,0.1233,0.330561,0
45420.0,45480.0,0,0.0,0.0,0.0,0.0,0.0,100.0,3,0.1198,0.321156,0
45480.0,45540.0,0,0.0,0.0,0.0,0.0,0.0,100.0,3,0.1217,0.326115,0
45540.0,45600.0,0,0.0,0.0,0.0,0.0,0.0,100.0,3,0.1207,0.323568,0
45600.0,45660.0,0,0.0,0.0,0.0,0.0,0.0,100.0,3,0.1167,0.312702,0
45660.0,45720.0,0,0.0,0.0,0.0,0.0,0.0,100.0,3,0.1213,0.325134,0
45720.0,45780.0,0,0.0,0.0,0.0,0.0,0.0,100.0,3,0.1225,0.328263,0
45780.0,45840.0,0,0.0,0.0,0.0,0.0,0.0,100.0,3,0.1159,0.310659,0
45840.0,45900.0,0,0.0,0.0,0.0,0.0,0.0,100.0,3,0.1139,0.305109,0
45900.0,45960.0,0,0.0,0.0,0.0,0.0,0.0,100.0,3,0.1148,0.307533,0
45960.0,46020.0,0,0.0,0.0,0.0,0.0,0.0,100.0,3,0.1152,0.30873,0
46020.0,46080.0,0,0.0,0.0,0.0,0.0,0.0,100.0,3,0.1208,0.323793,0
46080.0,46140.0,0,0.0,0.0,0.0,0.0,0.0,100.0,3,0.1199,0.32142,0
46140.0,46200.0,0,0.0,0.0,0.0,0.0,0.0,100.0,3,0.1163,0.311631,0
46200.0,46260.0,0,0.0,0.0,0.0,0.0,0.0,100.0,3,0.12,0.321642,0
46260.0,46320.0,0,0.0,0.0,0.0,0.0,0.0,100.0,3,0.1184,0.317178,0
46320.0,46380.0,0,0.0,0.0,0.0,0.0,0.0,100.0,3,0.1144,0.306567,0
46380.0,46440.0,0,0.0,0.0,0.0,0.0,0.0,100.0,3,0.1229,0.329463,0
46440.0,46500.0,0,0.0,0.0,0.0,0.0,0.0,100.0,3,0.1132,0.303441,0
46500.0,46560.0,0,0.0,0.0,0.0,0.0,0.0,100.0,3,0.1162,0.311397,0
46560.0,46620.0,0,0.0,0.0,0.0,0.0,0.0,100.0,3,0.1156,0.309822,0
46620.0,46680.0,0,0.0,0.0,0.0,0.0,0.0,100.0,3,0.1201,0.321999,0
46680.0,46740.0,0,0.0,0.0,0.0,0.0,0.0,100.0,3,0.1218,0.326451,0
46740.0,46800.0,0,0.0,0.0,0.0,0.0,0.0,100.0,3,0.1243,0.333099,0
46800.0,46860.0,0,0.0,0.0,0.0,0.0,0.0,100.0,3,0.1188,0.318261,0
46860.0,46920.0,0,0.0,0.0,0.0,0.0,0.0,100.0,3,0.1256,0.336468,0
46920.0,46980.0,0,0.0,0.0,0.0,0.0,0.0,100.0,3,0.1226,0.328512,0
46980.0,47040.0,0,0.0,0.0,0.0,0.0,0.0,100.0,3,0.1224,0.328161,0
47040.0,47100.0,0,0.0,0.0,0.0,0.0,0.0,100.0,3,0.1194,0.320064,0
47100.0,47160.0,0,0.0,0.0,0.0,0.0,0.0,100.0,3,0.1209,0.323928,0
47160.0,47220.0,0,0.0,0.0,0.0,0.0,0.0,100.0,3,0.1226,0.328635,0
47220.0,47280.0,0,0.0,0.0,0.0,0.0,0.0,100.0,3,0.1208,0.323799,0
47280.0,47340.0,0,0.0,0.0,0.0,0.0,0.0,100.0,3,0.1152,0.308865,0
47340.0,47400.0,0,0.0,0.0,0.0,0.0,0.0,100.0,3,0.1239,0.332007,0
47400.0,47460.0,0,0.0,0.0,0.0,0.0,0.0,100.0,3,0.1225,0.328275,0
47460.0,47520.0,0,0.0,0.0,0.0,0.0,0.0,100.0,3,0.1204,0.322719,0
47520.0,47580.0,0,0.0,0.0,0.0,0.0,0.0,100.0,3,0.1194,0.319959,0
47580.0,47640.0,0,0.0,0.0,0.0,0.0,0.0,100.0,3,0.1245,0.333576,0
47640.0,47700.0,0,0.0,0.0,0.0,0.0,0.0,100.0,3,0.119,0.31899,0
47700.0,47760.0,0,0.0,0.0,0.0,0.0,0.0,100.0,3,0.1134,0.304041,0
47760.0,47820.0,0,0.0,0.0,0.0,0.0,0.0,100.0,3,0.1241,0.332502,0
47820.0,47880.0,0,0.0,0.0,0.0,0.0,0.0,100.0,3,0.1189,0.318624,0
47880.0,47940.0,0,0.0,0.0,0.0,0.0,0.0,100.0,3,0.1212,0.324888,0
47940.0,48000.0,0,0.0,0.0,0.0,0.0,0.0,100.0,3,0.1209,0.324048,0
48000.0,48060.0,0,0.0,0.0,0.0,0.0,0.0,100.0,3,0.1122,0.300777,0
48060.0,48120.0,0,0.0,0.0,0.0,0.0,0.0,100.0,3,0.1182,0.316695,0
48120.0,48180.0,0,0.0,0.0,0.0,0.0,0.0,100.0,3,0.122,0.327063,0
48180.0,48240.0,0,0.0,0.0,0.0,0.0,0.0,100.0,3,0.1149,0.308025,0
48240.0,48300.0,0,0.0,0.0,0.0,0.0,0.0,100.0,3,0.1182,0.316821,0
48300.0,48360.0,0,0.0,0.0,0.0,0.0,0.0,100.0,3,0.1237,0.331668,0
48360.0,48420.0,0,0.0,0.0,0.0,0.0,0.0,100.0,3,0.1237,0.331536,0
48420.0,48480.0,0,0.0,0.0,0.0,0.0,0.0,100.0,3,0.1211,0.324414,0
48480.0,48540.0,0,0.0,0.0,0.0,0.0,0.0,100.0,3,0.1243,0.333105,0
48540.0,48600.0,0,0.0,0.0,0.0,0.0,0.0,100.0,3,0.1166,0.312597,0
48600.0,48660.0,0,0.0,0.0,0.0,0.0,0.0,100.0,3,0.1233,0.330567,0
48660.0,48720.0,0,0.0,0.0,0.0,0.0,0.0,100.0,3,0.1233,0.33033,0
48720.0,48780.0,0,0.0,0.0,0.0,0.0,0.0,100.0,3,0.12,0.321642,0
48780.0,48840.0,0,0.0,0.0,0.0,0.0,0.0,100.0,3,0.1199,0.321393,0
48840.0,48900.0,0,0.0,0.0,0.0,0.0,0.0,100.0,3,0.1231,0.329955,0
48900.0,48960.0,0,0.0,0.0,0.0,0.0,0.0,100.0,3,0.1234,0.330687,0
48960.0,49020.0,0,0.0,0.0,0.0,0.0,0.0,100.0,3,0.1193,0.319596,0
49020.0,49080.0,0,0.0,0.0,0.0,0.0,0.0,100.0,3,0.1256,0.336474,0
49080.0,49140.0,0,0.0,0.0,0.0,0.0,0.0,100.0,3,0.1218,0.326346,0
49140.0,49200.0,0,0.0,0.0,0.0,0.0,0.0,100.0,3,0.1198,0.321033,0
49200.0,49260.0,0,0.0,0.0,0.0,0.0,0.0,100.0,3,0.1242,0.332742,0
49260.0,49320.0,0,0.0,0.0,0.0,0.0,0.0,100.0,3,0.1182,0.316818,0
49320.0,49380.0,0,0.0,0.0,0.0,0.0,0.0,100.0,3,0.123,0.329601,0
49380.0,49440.0,0,0.0,0.0,0.0,0.0,0.0,100.0,3,0.1196,0.320556,0
49440.0,49500.0,0,0.0,0.0,0.0,0.0,0.0,100.0,3,0.1167,0.312723,0
49500.0,49560.0,0,0.0,0.0,0.0,0.0,0.0,100.0,3,0.1194,0.320073,0
49560.0,49620.0,0,0.0,0.0,0.0,0.0,0.0,100.0,3,0.1195,0.320187,0
49620.0,49680.0,0,0.0,0.0,0.0,0.0,0.0,100.0,3,0.1152,0.30861,0
49680.0,49740.0,0,0.0,0.0,0.0,0.0,0.0,100.0,3,0.123,0.329715,0
49740.0,49800.0,0,0.0,0.0,0.0,0.0,0.0,100.0,3,0.1176,0.315249,0
49800.0,49860.0,0,0.0,0.0,0.0,0.0,0.0,100.0,3,0.1229,0.329475,0
49860.0,49920.0,0,0.0,0.0,0.0,0.0,0.0,100.0,3,0.1169,0.313191,0
49920.0,49980.0,0,0.0,0.0,0.0,0.0,0.0,100.0,3,0.1237,0.33153,0
49980.0,50040.0,0,0.0,0.0,0.0,0.0,0.0,100.0,3,0.1186,0.317778,0
50040.0,50100.0,0,0.0,0.0,0.0,0.0,0.0,100.0,3,0.1234,0.330681,0
50100.0,50160.0,0,0.0,0.0,0.0,0.0,0.0,100.0,3,0.1264,0.33864,0
50160.0,50220.0,0,0.0,0.0,0.0,0.0,0.0,100.0,3,0.1234,0.330798,0
50220.0,50280.0,0,0.0,0.0,0.0,0.0,0.0,100.0,3,0.1239,0.332133,0
50280.0,50340.0,0,0.0,0.0,0.0,0.0,0.0,100.0,3,0.1216,0.325989,0
50340.0,50400.0,0,0.0,0.0,0.0,0.0,0.0,100.0,3,0.1296,0.347328,0
50400.0,50460.0,0,0.0,0.0,0.0,0.0,0.0,100.0,3,0.1239,0.332142,0
50460.0,50520.0,0,0.0,0.0,0.0,0.0,0.0,100.0,3,0.1254,0.336114,0
50520.0,50580.0,0,0.0,0.0,0.0,0.0,0.0,100.0,3,0.1218,0.326352,0
50580.0,50640.0,0,0.0,0.0,0.0,0.0,0.0,100.0,3,0.1178,0.3156,0
50640.0,50700.0,0,0.0,0.0,0.0,0.0,0.0,100.0,3,0.1177,0.31536,0
50700.0,50760.0,0,0.0,0.0,0.0,0.0,0.0,100.0,3,0.1107,0.29679,0
50760.0,50820.0,0,0.0,0.0,0.0,0.0,0.0,100.0,3,0.1147,0.30729,0
50820.0,50880.0,0,0.0,0.0,0.0,0.0,0.0,100.0,3,0.1167,0.312723,0
50880.0,50940.0,0,0.0,0.0,0.0,0.0,0.0,100.0,3,0.1184,0.317166,0
50940.0,51000.0,0,0.0,0.0,0.0,0.0,0.0,100.0,3,0.1217,0.326118,0
51000.0,51060.0,0,0.0,0.0,0.0,0.0,0.0,100.0,3,0.1179,0.316095,0
51060.0,51120.0,0,0.0,0.0,0.0,0.0,0.0,100.0,3,0.1183,0.317169,0
51120.0,51180.0,0,0.0,0.0,0.0,0.0,0.0,100.0,3,0.1239,0.332139,0
51180.0,51240.0,0,0.0,0.0,0.0,0.0,0.0,100.0,3,0.1116,0.298965,0
51240.0,51300.0,0,0.0,0.0,0.0,0.0,0.0,100.0,3,0.1193,0.319707,0
51300.0,51360.0,0,0.0,0.0,0.0,0.0,0.0,100.0,3,0.1124,0.301137,0
51360.0,51420.0,0,0.0,0.0,0.0,0.0,0.0,100.0,3,0.1161,0.311145,0
51420.0,51480.0,0,0.0,0.0,0.0,0.0,0.0,100.0,3,0.1139,0.305352,0
51480.0,51540.0,0,0.0,0.0,0.0,0.0,0.0,100.0,3,0.1235,0.330936,0
51540.0,51600.0,0,0.0,0.0,0.0,0.0,0.0,100.0,3,0.1175,0.315009,0
51600.0,51660.0,0,0.0,0.0,0.0,0.0,0.0,100.0,3,0.1214,0.325362,0
51660.0,51720.0,0,0.0,0.0,0.0,0.0,0.0,100.0,3,0.1155,0.309579,0
51720.0,51780.0,0,0.0,0.0,0.0,0.0,0.0,100.0,3,0.1192,0.319344,0
51780.0,51840.0,0,0.0,0.0,0.0,0.0,0.0,100.0,3,0.122,0.32682,0
51840.0,51900.0,0,0.0,0.0,0.0,0.0,0.0,100.0,3,0.1174,0.314637,0
51900.0,51960.0,0,0.0,0.0,0.0,0.0,0.0,100.0,3,0.12,0.321648,0
51960.0,52020.0,0,0.0,0.0,0.0,0.0,0.0,100.0,3,0.1229,0.329355,0
52020.0,52080.0,0,0.0,0.0,0.0,0.0,0.0,100.0,3,0.1171,0.313794,0
52080.0,52140.0,0,0.0,0.0,0.0,0.0,0.0,100.0,3,0.1233,0.330558,0
52140.0,52200.0,0,0.0,0.0,0.0,0.0,0.0,100.0,3,0.1326,0.35541,0
52200.0,52260.0,0,0.0,0.0,0.0,0.0,0.0,100.0,3,0.121,0.324297,0
52260.0,52320.0,0,0.0,0.0,0.0,0.0,0.0,100.0,3,0.1219,0.326703,0
52320.0,52380.0,0,0.0,0.0,0.0,0.0,0.0,100.0,3,0.1207,0.323562,0
52380.0,52440.0,0,0.0,0.0,0.0,0.0,0.0,100.0,3,0.1206,0.323331,0
52440.0,52500.0,0,0.0,0.0,0.0,0.0,0.0,100.0,3,0.1192,0.319578,0
52500.0,52560.0,0,0.0,0.0,0.0,0.0,0.0,100.0,3,0.1245,0.333711,0
52560.0,52620.0,0,0.0,0.0,0.0,0.0,0.0,100.0,3,0.1221,0.327315,0
52620.0,52680.0,0,0.0,0.0,0.0,0.0,0.0,100.0,3,0.1231,0.329967,0
52680.0,52740.0,0,0.0,0.0,0.0,0.0,0.0,100.0,3,0.1231,0.329952,0
52740.0,52800.0,0,0.0,0.0,0.0,0.0,0.0,100.0,3,0.1185,0.317655,0
52800.0,52860.0,0,0.0,0.0,0.0,0.0,0.0,100.0,3,0.1208,0.323817,0
52860.0,52920.0,0,0.0,0.0,0.0,0.0,0.0,100.0,3,0.1219,0.326706,0
52920.0,52980.0,0,0.0,0.0,0.0,0.0,0.0,100.0,3,0.1168,0.312957,0
52980.0,53040.0,0,0.0,0.0,0.0,0.0,0.0,100.0,3,0.1153,0.308988,0
53040.0,53100.0,0,0.0,0.0,0.0,0.0,0.0,100.0,3,0.1236,0.331287,0
53100.0,53160.0,0,0.0,0.0,0.0,0.0,0.0,100.0,3,0.1259,0.337443,0
53160.0,53220.0,0,0.0,0.0,0.0,0.0,0.0,100.0,3,0.1193,0.31971,0
53220.0,53280.0,0,0.0,0.0,0.0,0.0,0.0,100.0,3,0.1167,0.312711,0
53280.0,53340.0,0,0.0,0.0,0.0,0.0,0.0,100.0,3,0.1208,0.323706,0
53340.0,53400.0,0,0.0,0.0,0.0,0.0,0.0,100.0,3,0.1104,0.295833,0
53400.0,53460.0,0,0.0,0.0,0.0,0.0,0.0,100.0,3,0.1177,0.31536,0
53460.0,53520.0,0,0.0,0.0,0.0,0.0,0.0,100.0,3,0.122,0.327072,0
53520.0,53580.0,0,0.0,0.0,0.0,0.0,0.0,100.0,3,0.1205,0.322968,0
53580.0,53640.0,0,0.0,0.0,0.0,0.0,0.0,100.0,3,0.1181,0.316455,0
53640.0,53700.0,0,0.0,0.0,0.0,0.0,0.0,100.0,3,0.1167,0.312843,0
53700.0,53760.0,0,0.0,0.0,0.0,0.0,0.0,100.0,3,0.1237,0.331533,0
53760.0,53820.0,0,0.0,0.0,0.0,0.0,0.0,100.0,3,0.1257,0.336957,0
53820.0,53880.0,0,0.0,0.0,0.0,0.0,0.0,100.0,3,0.1163,0.311619,0
53880.0,53940.0,0,0.0,0.0,0.0,0.0,0.0,100.0,3,0.1215,0.325614,0
53940.0,54000.0,0,0.0,0.0,0.0,0.0,0.0,100.0,3,0.1183,0.317061,0
54000.0,54060.0,0,0.0,0.0,0.0,0.0,0.0,100.0,3,0.1168,0.313086,0
54060.0,54120.0,0,0.0,0.0,0.0,0.0,0.0,100.0,3,0.1205,0.322857,0
54120.0,54180.0,0,0.0,0.0,0.0,0.0,0.0,100.0,3,0.1233,0.330564,0
54180.0,54240.0,0,0.0,0.0,0.0,0.0,0.0,100.0,3,0.1263,0.338514,0
54240.0,54300.0,0,0.0,0.0,0.0,0.0,0.0,100.0,3,0.1242,0.33273,0
54300.0,54360.0,0,0.0,0.0,0.0,0.0,0.0,100.0,3,0.1255,0.33624,0
54360.0,54420.0,0,0.0,0.0,0.0,0.0,0.0,100.0,3,0.1238,0.331653,0
54420.0,54480.0,0,0.0,0.0,0.0,0.0,0.0,100.0,3,0.1242,0.332733,0
54480.0,54540.0,0,0.0,0.0,0.0,0.0,0.0,100.0,3,0.123,0.329601,0
54540.0,54600.0,0,0.0,0.0,0.0,0.0,0.0,100.0,3,0.1221,0.327192,0
54600.0,54660.0,0,0.0,0.0,0.0,0.0,0.0,100.0,3,0.1212,0.324774,0
54660.0,54720.0,0,0.0,0.0,0.0,0.0,0.0,100.0,3,0.1221,0.327189,0
54720.0,54780.0,0,0.0,0.0,0.0,0.0,0.0,100.0,3,0.119,0.318978,0
54780.0,54840.0,0,0.0,0.0,0.0,0.0,0.0,100.0,3,0.1292,0.346359,0
54840.0,54900.0,0,0.0,0.0,0.0,0.0,0.0,100.0,3,0.1188,0.318261,0
54900.0,54960.0,0,0.0,0.0,0.0,0.0,0.0,100.0,3,0.12,0.321636,0
54960.0,55020.0,0,0.0,0.0,0.0,0.0,0.0,100.0,3,0.1174,0.314646,0
55020.0,55080.0,0,0.0,0.0,0.0,0.0,0.0,100.0,3,0.1149,0.308019,0
55080.0,55140.0,0,0.0,0.0,0.0,0.0,0.0,100.0,3,0.1198,0.321042,0
55140.0,55200.0,0,0.0,0.0,0.0,0.0,0.0,100.0,3,0.1221,0.327309,0
55200.0,55260.0,0,0.0,0.0,0.0,0.0,0.0,100.0,3,0.1241,0.332496,0
55260.0,55320.0,0,0.0,0.0,0.0,0.0,0.0,100.0,3,0.1232,0.330198,0
55320.0,55380.0,0,0.0,0.0,0.0,0.0,0.0,100.0,3,0.1221,0.327189,0
55380.0,55440.0,0,0.0,0.0,0.0,0.0,0.0,100.0,3,0.1185,0.317541,0
55440.0,55500.0,0,0.0,0.0,0.0,0.0,0.0,100.0,3,0.1144,0.306564,0
55500.0,55560.0,0,0.0,0.0,0.0,0.0,0.0,100.0,3,0.1389,0.372171,0
55560.0,55620.0,0,0.0,0.0,0.0,0.0,0.0,100.0,3,0.1128,0.302232,0
55620.0,55680.0,0,0.0,0.0,0.0,0.0,0.0,100.0,3,0.1175,0.31476,0
55680.0,55740.0,0,0.0,0.0,0.0,0.0,0.0,100.0,3,0.1211,0.324651,0
55740.0,55800.0,0,0.0,0.0,0.0,0.0,0.0,100.0,3,0.1125,0.301377,0
55800.0,55860.0,0,0.0,0.0,0.0,0.0,0.0,100.0,3,0.1214,0.325257,0
55860.0,55920.0,0,0.0,0.0,0.0,0.0,0.0,100.0,3,0.1208,0.323679,0
55920.0,55980.0,0,0.0,0.0,0.0,0.0,0.0,100.0,3,0.1191,0.319224,0
55980.0,56040.0,0,0.0,0.0,0.0,0.0,0.0,100.0,3,0.1206,0.323079,0
56040.0,56100.0,0,0.0,0.0,0.0,0.0,0.0,100.0,3,0.1212,0.324777,0
56100.0,56160.0,0,0.0,0.0,0.0,0.0,0.0,100.0,3,0.1184,0.317304,0
56160.0,56220.0,0,0.0,0.0,0.0,0.0,0.0,100.0,3,0.1178,0.315744,0
56220.0,56280.0,0,0.0,0.0,0.0,0.0,0.0,100.0,3,0.1236,0.33117,0
56280.0,56340.0,0,0.0,0.0,0.0,0.0,0.0,100.0,3,0.1229,0.329487,0
56340.0,56400.0,0,0.0,0.0,0.0,0.0,0.0,100.0,3,0.1193,0.319596,0
56400.0,56460.0,0,0.0,0.0,0.0,0.0,0.0,100.0,3,0.1236,0.331167,0
56460.0,56520.0,0,0.0,0.0,0.0,0.0,0.0,100.0,3,0.1245,0.333585,0
56520.0,56580.0,0,0.0,0.0,0.0,0.0,0.0,100.0,3,0.1147,0.307287,0
56580.0,56640.0,0,0.0,0.0,0.0,0.0,0.0,100.0,3,0.121,0.324174,0
56640.0,56700.0,0,0.0,0.0,0.0,0.0,0.0,100.0,3,0.1181,0.316455,0
56700.0,56760.0,0,0.0,0.0,0.0,0.0,0.0,100.0,3,0.1265,0.339006,0
56760.0,56820.0,0,0.0,0.0,0.0,0.0,0.0,100.0,3,0.1186,0.317784,0
56820.0,56880.0,0,0.0,0.0,0.0,0.0,0.0,100.0,3,0.1214,0.325383,0
56880.0,56940.0,0,0.0,0.0,0.0,0.0,0.0,100.0,3,0.1226,0.328641,0
56940.0,57000.0,0,0.0,0.0,0.0,0.0,0.0,100.0,3,0.1198,0.321039,0
57000.0,57060.0,0,0.0,0.0,0.0,0.0,0.0,100.0,3,0.1184,0.317178,0
57060.0,57120.0,0,0.0,0.0,0.0,0.0,0.0,100.0,3,0.1205,0.322974,0
57120.0,57180.0,0,0.0,0.0,0.0,0.0,0.0,100.0,3,0.1211,0.324648,0
57180.0,57240.0,0,0.0,0.0,0.0,0.0,0.0,100.0,3,0.1193,0.319833,0
57240.0,57300.0,0,0.0,0.0,0.0,0.0,0.0,100.0,3,0.1223,0.327672,0
57300.0,57360.0,0,0.0,0.0,0.0,0.0,0.0,100.0,3,0.1194,0.31995,0
57360.0,57420.0,0,0.0,0.0,0.0,0.0,0.0,100.0,3,0.12,0.321519,0
57420.0,57480.0,0,0.0,0.0,0.0,0.0,0.0,100.0,3,0.1247,0.334173,0
57480.0,57540.0,0,0.0,0.0,0.0,0.0,0.0,100.0,3,0.1204,0.322599,0
57540.0,57600.0,0,0.0,0.0,0.0,0.0,0.0,100.0,3,0.1176,0.315243,0
57600.0,57660.0,0,0.0,0.0,0.0,0.0,0.0,100.0,3,0.1169,0.313191,0
57660.0,57720.0,0,0.0,0.0,0.0,0.0,0.0,100.0,3,0.1166,0.312594,0
57720.0,57780.0,0,0.0,0.0,0.0,0.0,0.0,100.0,3,0.1152,0.308865,0
57780.0,57840.0,0,0.0,0.0,0.0,0.0,0.0,100.0,3,0.1184,0.317415,0
57840.0,57900.0,0,0.0,0.0,0.0,0.0,0.0,100.0,3,0.1181,0.316452,0
57900.0,57960.0,0,0.0,0.0,0.0,0.0,0.0,100.0,3,0.1156,0.309699,0
57960.0,58020.0,0,0.0,0.0,0.0,0.0,0.0,100.0,3,0.1175,0.315003,0
58020.0,58080.0,0,0.0,0.0,0.0,0.0,0.0,100.0,3,0.1108,0.296922,0
58080.0,58140.0,0,0.0,0.0,0.0,0.0,0.0,100.0,3,0.1191,0.31923,0
58140.0,58200.0,0,0.0,0.0,0.0,0.0,0.0,100.0,3,0.1159,0.310662,0
58200.0,58260.0,0,0.0,0.0,0.0,0.0,0.0,100.0,3,0.1179,0.316086,0
58260.0,58320.0,0,0.0,0.0,0.0,0.0,0.0,100.0,3,0.1223,0.327786,0
58320.0,58380.0,0,0.0,0.0,0.0,0.0,0.0,100.0,3,0.1148,0.307767,0
58380.0,58440.0,0,0.0,0.0,0.0,0.0,0.0,100.0,3,0.1161,0.311022,0
58440.0,58500.0,0,0.0,0.0,0.0,0.0,0.0,100.0,3,0.1139,0.305118,0
58500.0,58560.0,0,0.0,0.0,0.0,0.0,0.0,100.0,3,0.1171,0.313791,0
58560.0,58620.0,0,0.0,0.0,0.0,0.0,0.0,100.0,3,0.1191,0.31911,0
58620.0,58680.0,0,0.0,0.0,0.0,0.0,0.0,100.0,3,0.117,0.313563,0
58680.0,58740.0,0,0.0,0.0,0.0,0.0,0.0,100.0,3,0.1161,0.311028,0
58740.0,58800.0,0,0.0,0.0,0.0,0.0,0.0,100.0,3,0.1147,0.307296,0
58800.0,58860.0,0,0.0,0.0,0.0,0.0,0.0,100.0,3,0.1193,0.319587,0
58860.0,58920.0,0,0.0,0.0,0.0,0.0,0.0,100.0,3,0.1242,0.332841,0
58920.0,58980.0,0,0.0,0.0,0.0,0.0,0.0,100.0,3,0.1175,0.315012,0
58980.0,59040.0,0,0.0,0.0,0.0,0.0,0.0,100.0,3,0.1173,0.314283,0
59040.0,59100.0,0,0.0,0.0,0.0,0.0,0.0,100.0,3,0.117,0.31344,0
59100.0,59160.0,0,0.0,0.0,0.0,0.0,0.0,100.0,3,0.1147,0.307287,0
59160.0,59220.0,0,0.0,0.0,0.0,0.0,0.0,100.0,3,0.12,0.32163,0
59220.0,59280.0,0,0.0,0.0,0.0,0.0,0.0,100.0,3,0.117,0.313683,0
59280.0,59340.0,0,0.0,0.0,0.0,0.0,0.0,100.0,3,0.1163,0.311622,0
59340.0,59400.0,0,0.0,0.0,0.0,0.0,0.0,100.0,3,0.1188,0.318384,0
59400.0,59460.0,0,0.0,0.0,0.0,0.0,0.0,100.0,3,0.1176,0.315261,0
59460.0,59520.0,0,0.0,0.0,0.0,0.0,0.0,100.0,3,0.115,0.308256,0
59520.0,59580.0,0,0.0,0.0,0.0,0.0,0.0,100.0,3,0.126,0.337803,0
59580.0,59640.0,0,0.0,0.0,0.0,0.0,0.0,100.0,3,0.1185,0.317658,0
59640.0,59700.0,0,0.0,0.0,0.0,0.0,0.0,100.0,3,0.1209,0.324048,0
59700.0,59760.0,0,0.0,0.0,0.0,0.0,0.0,100.0,3,0.1202,0.322113,0
59760.0,59820.0,0,0.0,0.0,0.0,0.0,0.0,100.0,3,0.1133,0.303558,0
59820.0,59880.0,0,0.0,0.0,0.0,0.0,0.0,100.0,3,0.1107,0.296667,0
59880.0,59940.0,0,0.0,0.0,0.0,0.0,0.0,100.0,3,0.117,0.313443,0
59940.0,60000.0,0,0.0,0.0,0.0,0.0,0.0,100.0,3,0.1107,0.296565,0
60000.0,60060.0,0,0.0,0.0,0.0,0.0,0.0,100.0,3,0.1087,0.291372,0
60060.0,60120.0,0,0.0,0.0,0.0,0.0,0.0,100.0,3,0.1175,0.314889,0
60120.0,60180.0,0,0.0,0.0,0.0,0.0,0.0,100.0,3,0.1211,0.324423,0
60180.0,60240.0,0,0.0,0.0,0.0,0.0,0.0,100.0,3,0.1138,0.305001,0
60240.0,60300.0,0,0.0,0.0,0.0,0.0,0.0,100.0,3,0.1148,0.30777,0
60300.0,60360.0,0,0.0,0.0,0.0,0.0,0.0,100.0,3,0.1211,0.324651,0
60360.0,60420.0,0,0.0,0.0,0.0,0.0,0.0,100.0,3,0.1167,0.312714,0
60420.0,60480.0,0,0.0,0.0,0.0,0.0,0.0,100.0,3,0.1143,0.306198,0
60480.0,60540.0,0,0.0,0.0,0.0,0.0,0.0,100.0,3,0.1193,0.319836,0
60540.0,60600.0,0,0.0,0.0,0.0,0.0,0.0,100.0,3,0.1169,0.313314,0
60600.0,60660.0,0,0.0,0.0,0.0,0.0,0.0,100.0,3,0.1174,0.31464,0
60660.0,60720.0,0,0.0,0.0,0.0,0.0,0.0,100.0,3,0.1188,0.318258,0
60720.0,60780.0,0,0.0,0.0,0.0,0.0,0.0,100.0,3,0.1179,0.315975,0
60780.0,60840.0,0,0.0,0.0,0.0,0.0,0.0,100.0,3,0.1207,0.323451,0
60840.0,60900.0,0,0.0,0.0,0.0,0.0,0.0,100.0,3,0.1189,0.318645,0
60900.0,60960.0,0,0.0,0.0,0.0,0.0,0.0,100.0,3,0.1149,0.308004,0
60960.0,61020.0,0,0.0,0.0,0.0,0.0,0.0,100.0,3,0.1207,0.323445,0
61020.0,61080.0,0,0.0,0.0,0.0,0.0,0.0,100.0,3,0.1196,0.320565,0
61080.0,61140.0,0,0.0,0.0,0.0,0.0,0.0,100.0,3,0.1181,0.316578,0
61140.0,61200.0,0,0.0,0.0,0.0,0.0,0.0,100.0,3,0.1197,0.320793,0
61200.0,61260.0,0,0.0,0.0,0.0,0.0,0.0,100.0,3,0.119,0.318858,0
61260.0,61320.0,0,0.0,0.0,0.0,0.0,0.0,100.0,3,0.1202,0.322002,0
61320.0,61380.0,0,0.0,0.0,0.0,0.0,0.0,100.0,3,0.1184,0.317406,0
61380.0,61440.0,0,0.0,0.0,0.0,0.0,0.0,100.0,3,0.1201,0.321876,0
61440.0,61500.0,0,0.0,0.0,0.0,0.0,0.0,100.0,3,0.1205,0.322953,0
61500.0,61560.0,0,0.0,0.0,0.0,0.0,0.0,100.0,3,0.113,0.302943,0
61560.0,61620.0,0,0.0,0.0,0.0,0.0,0.0,100.0,3,0.1171,0.313914,0
61620.0,61680.0,0,0.0,0.0,0.0,0.0,0.0,100.0,3,0.1183,0.316935,0
61680.0,61740.0,0,0.0,0.0,0.0,0.0,0.0,100.0,3,0.1139,0.305364,0
61740.0,61800.0,0,0.0,0.0,0.0,0.0,0.0,100.0,3,0.1154,0.309222,0
61800.0,61860.0,0,0.0,0.0,0.0,0.0,0.0,100.0,3,0.1228,0.329118,0
61860.0,61920.0,0,0.0,0.0,0.0,0.0,0.0,100.0,3,0.121,0.324168,0
61920.0,61980.0,0,0.0,0.0,0.0,0.0,0.0,100.0,3,0.1234,0.33069,0
61980.0,62040.0,0,0.0,0.0,0.0,0.0,0.0,100.0,3,0.1228,0.328992,0
62040.0,62100.0,0,0.0,0.0,0.0,0.0,0.0,100.0,3,0.1219,0.3267,0
62100.0,62160.0,0,0.0,0.0,0.0,0.0,0.0,100.0,3,0.1125,0.301614,0
62160.0,62220.0,0,0.0,0.0,0.0,0.0,0.0,100.0,3,0.1182,0.316698,0
62220.0,62280.0,0,0.0,0.0,0.0,0.0,0.0,100.0,3,0.1198,0.32103,0
62280.0,62340.0,0,0.0,0.0,0.0,0.0,0.0,100.0,3,0.1163,0.311628,0
62340.0,62400.0,0,0.0,0.0,0.0,0.0,0.0,100.0,3,0.1197,0.320916,0
62400.0,62460.0,0,0.0,0.0,0.0,0.0,0.0,100.0,3,0.1225,0.328278,0
62460.0,62520.0,0,0.0,0.0,0.0,0.0,0.0,100.0,3,0.1165,0.312243,0
62520.0,62580.0,0,0.0,0.0,0.0,0.0,0.0,100.0,3,0.0347,0.092862,0
62640.0,62700.0,0,0.0,14.7,100.0,0.0,0.0,100.0,3,0.0353,0.094561,0
62700.0,62760.0,0,0.0,20.26,100.0,0.0,0.0,100.0,3,0.0487,0.130375,0
62760.0,62820.0,0,0.0,14.15,97.2,3.9,0.0,90.0,3,0.0482,0.129238,0
62820.0,62880.0,2,2000.0,12.86,92.2,1.7,3.9,90.0,3,0.049,0.131327,120.0
62880.0,62940.0,1,1000.0,12.15,96.1,3.3,1.7,83.3,3,0.0482,0.129198,60.0
62940.0,63000.0,0,0.0,13.64,80.6,0.0,0.0,100.0,3,0.0483,0.129513,0
63000.0,63060.0,2,2000.0,12.51,95.6,3.9,3.3,83.9,3,0.048,0.128621,120.0
63060.0,63120.0,0,0.0,12.95,88.3,1.7,0.6,94.4,3,0.0491,0.131479,0
63120.0,63180.0,3,3000.0,12.24,96.1,2.2,4.4,82.2,3,0.048,0.128535,180.0
63180.0,63240.0,2,2000.0,13.96,91.7,1.1,3.3,89.4,3,0.0483,0.129448,120.0
63240.0,63300.0,0,0.0,16.5,97.9,0.0,0.0,97.9,3,0.0131,0.035237,0
63300.0,63360.0,0,0.0,13.75,100.0,0.0,0.0,100.0,3,0.0351,0.094022,0
63360.0,63420.0,0,0.0,19.74,100.0,0.0,0.0,100.0,3,0.0489,0.130944,0
63420.0,63480.0,0,0.0,14.06,96.7,3.9,0.0,91.1,3,0.0479,0.128259,0
63480.0,63540.0,2,2000.0,13.94,96.7,1.7,3.3,87.2,3,0.0494,0.132405,120.0
63540.0,63600.0,1,1000.0,12.07,94.4,3.3,1.7,89.4,3,0.048,0.128689,60.0
63600.0,63660.0,2,2000.0,16.03,97.8,0.0,3.3,91.7,3,0.0491,0.131463,120.0
63660.0,63720.0,0,0.0,12.62,93.3,5.6,0.0,85.6,3,0.0482,0.129088,0
63720.0,63780.0,0,0.0,7.14,46.1,0.0,0.0,100.0,3,0.047,0.12596,0
63780.0,63840.0,1,1000.0,3.47,32.2,0.0,1.7,95.6,3,0.0458,0.122684,60.0
63840.0,63900.0,0,0.0,7.48,33.3,0.0,0.0,100.0,3,0.0463,0.124206,0
63900.0,63960.0,0,0.0,4.73,32.2,1.7,0.0,95.0,3,0.0463,0.124096,0
63960.0,64020.0,0,0.0,6.24,33.3,0.0,0.0,100.0,3,0.0468,0.125454,0
64020.0,64080.0,1,1000.0,3.61,32.2,0.0,1.7,95.0,3,0.0459,0.122876,60.0
64080.0,64140.0,0,0.0,7.29,33.3,0.0,0.0,100.0,3,0.0462,0.123878,0
64140.0,64200.0,0,0.0,4.78,31.7,1.7,0.0,95.6,3,0.0464,0.124394,0
64200.0,64260.0,0,0.0,6.08,33.3,0.0,0.0,100.0,3,0.0467,0.125237,0
64260.0,64320.0,1,1000.0,3.91,32.2,0.0,1.7,95.0,3,0.046,0.123146,60.0
64320.0,64380.0,0,0.0,7.19,33.3,0.0,0.0,100.0,3,0.0462,0.123761,0
64380.0,64440.0,0,0.0,4.74,31.7,1.7,0.0,96.1,3,0.046,0.123392,0
64440.0,64500.0,0,0.0,5.96,33.3,0.0,0.0,100.0,3,0.047,0.125978,0
64500.0,64560.0,1,1000.0,4.19,32.8,0.0,1.7,95.6,3,0.0459,0.123083,60.0
64560.0,64620.0,0,0.0,6.66,32.8,0.0,0.0,100.0,3,0.0464,0.124282,0
64620.0,64680.0,0,0.0,5.13,32.2,1.7,0.0,95.6,3,0.0461,0.123487,0
64680.0,64740.0,0,0.0,5.77,33.3,0.0,0.0,100.0,3,0.0469,0.125772,0
64740.0,64800.0,1,1000.0,4.66,32.2,0.0,1.7,97.8,3,0.046,0.123382,60.0
64800.0,64860.0,0,0.0,6.16,32.8,0.0,0.0,97.8,3,0.0464,0.124294,0
64860.0,64920.0,0,0.0,5.37,32.2,1.7,0.0,95.0,3,0.046,0.123292,0
64920.0,64980.0,0,0.0,5.62,33.3,0.0,0.0,100.0,3,0.0468,0.125335,0
64980.0,65040.0,0,0.0,5.0,33.3,0.0,0.6,99.4,3,0.0461,0.123497,0
65040.0,65100.0,1,1000.0,5.84,32.2,0.0,1.1,96.1,3,0.0462,0.123899,60.0
65100.0,65160.0,0,0.0,8.22,33.3,0.0,0.0,100.0,3,0.0123,0.03286,0
65160.0,65220.0,0,0.0,16.48,96.2,2.3,0.0,93.2,3,0.0356,0.09529,0
65220.0,65280.0,0,0.0,14.37,93.9,1.7,1.7,93.3,3,0.0486,0.130287,0
65280.0,65340.0,2,2000.0,12.76,95.6,5.0,1.7,82.2,3,0.0484,0.129813,120.0
65340.0,65400.0,2,2000.0,13.38,92.8,0.0,3.3,93.9,3,0.0491,0.131578,120.0
65400.0,65460.0,1,1000.0,12.39,97.2,3.3,1.7,88.3,3,0.0481,0.128879,60.0
65460.0,65520.0,2,2000.0,15.65,96.7,0.0,3.3,91.7,3,0.0484,0.129643,120.0
65520.0,65580.0,0,0.0,13.37,95.0,5.0,0.0,88.3,3,0.0487,0.130513,0
65580.0,65640.0,2,2000.0,14.99,97.2,0.0,3.3,95.0,3,0.0491,0.131593,120.0
65640.0,65700.0,1,1000.0,11.53,94.4,3.3,1.7,86.1,3,0.0483,0.129427,60.0
65700.0,65760.0,2,2000.0,17.62,97.8,0.0,3.3,91.1,3,0.0481,0.128858,120.0
65760.0,65820.0,0,0.0,14.1,96.7,5.0,0.0,85.6,3,0.0491,0.131498,0
65820.0,65880.0,2,2000.0,17.08,97.8,0.0,3.3,92.2,3,0.0489,0.131174,120.0
65880.0,65940.0,1,1000.0,11.63,89.4,3.3,2.8,90.0,3,0.0482,0.129301,60.0
65940.0,66000.0,2,2000.0,17.28,95.0,2.2,2.8,90.0,3,0.0482,0.129305,120.0
66000.0,66060.0,2,2000.0,13.85,94.4,3.9,3.9,85.6,3,0.0486,0.130137,120.0
66060.0,66120.0,0,0.0,16.75,98.3,1.7,0.0,95.0,3,0.0491,0.131545,0
66120.0,66180.0,3,3000.0,13.88,96.1,1.7,5.0,83.9,3,0.0489,0.130995,180.0
66180.0,66240.0,0,0.0,17.0,95.6,3.3,0.0,92.2,3,0.0481,0.128789,0
66240.0,66300.0,2,2000.0,15.54,96.7,1.7,3.3,87.8,3,0.0494,0.132426,120.0
66300.0,66360.0,0,0.0,21.41,100.0,0.0,0.0,100.0,3,0.0493,0.132119,0
66360.0,66420.0,1,1000.0,11.27,96.7,3.3,1.7,86.1,3,0.0476,0.127644,60.0
66420.0,66480.0,0,0.0,14.7,98.3,0.0,0.0,100.0,3,0.0488,0.130732,0
66480.0,66540.0,1,1000.0,8.58,66.1,1.7,1.7,91.7,3,0.0468,0.125412,60.0
66540.0,66600.0,0,0.0,9.67,66.7,0.6,0.0,99.4,3,0.0478,0.128006,0
66600.0,66660.0,1,1000.0,8.54,64.4,1.1,1.7,93.3,3,0.0475,0.127296,60.0
66660.0,66720.0,1,1000.0,10.02,66.1,0.0,1.7,93.3,3,0.0472,0.12646,60.0
66720.0,66780.0,0,0.0,9.38,66.7,1.7,0.0,95.0,3,0.0468,0.125537,0
66780.0,66840.0,0,0.0,9.28,65.6,1.7,0.0,95.6,3,0.048,0.128636,0
66840.0,66900.0,1,1000.0,8.33,65.6,0.0,2.2,95.0,3,0.0471,0.126108,60.0
66900.0,66960.0,2,2000.0,13.21,92.8,0.0,2.8,92.8,3,0.0481,0.128995,120.0
66960.0,67020.0,0,0.0,13.47,96.7,3.9,0.0,91.1,3,0.0481,0.128836,0
67020.0,67080.0,1,1000.0,12.84,97.2,1.7,1.7,92.2,3,0.0494,0.132268,60.0
67080.0,67140.0,1,1000.0,12.77,99.4,0.0,2.8,93.9,3,0.0478,0.128056,60.0
67140.0,67200.0,1,1000.0,13.69,97.2,1.7,0.6,92.8,3,0.0482,0.129258,60.0
67200.0,67260.0,0,0.0,13.26,97.2,3.3,0.0,91.1,3,0.0485,0.129847,0
67260.0,67320.0,2,2000.0,12.48,97.2,0.0,3.3,91.7,3,0.0488,0.130739,120.0
67320.0,67380.0,0,0.0,13.41,98.9,1.7,0.0,95.6,3,0.0479,0.128289,0
67380.0,67440.0,1,1000.0,13.3,97.8,1.7,1.7,91.7,3,0.0489,0.130939,60.0
67440.0,67500.0,2,2000.0,12.91,96.1,1.7,3.3,87.8,3,0.0477,0.127782,120.0
67500.0,67560.0,0,0.0,13.24,98.3,1.7,0.0,95.6,3,0.0487,0.130429,0
67560.0,67620.0,0,0.0,13.66,95.8,6.2,0.0,83.3,3,0.0129,0.034619,0
67620.0,67680.0,0,0.0,14.08,100.0,0.0,0.0,100.0,3,0.0351,0.094128,0
67680.0,67740.0,0,0.0,20.45,100.0,0.0,0.0,100.0,3,0.049,0.131407,0
67740.0,67800.0,0,0.0,14.24,98.3,3.3,0.0,90.6,3,0.0482,0.129269,0
67800.0,67860.0,1,1000.0,13.82,96.1,1.7,2.8,94.4,3,0.0487,0.130625,60.0
67860.0,67920.0,2,2000.0,12.0,96.1,3.3,2.8,85.0,3,0.0482,0.129144,120.0
67920.0,67980.0,1,1000.0,15.43,92.8,0.0,2.8,95.6,3,0.0484,0.129615,60.0
67980.0,68040.0,1,1000.0,11.15,90.0,5.0,0.6,88.3,3,0.0482,0.129081,60.0
68040.0,68100.0,2,2000.0,15.22,97.8,0.0,3.3,93.3,3,0.0494,0.132416,120.0
68100.0,68160.0,1,1000.0,10.67,93.9,3.3,1.7,85.6,3,0.0476,0.127428,60.0
68160.0,68220.0,1,1000.0,12.24,66.1,0.0,1.7,95.6,3,0.0475,0.127198,60.0
68220.0,68280.0,0,0.0,8.24,63.9,3.9,1.7,88.3,3,0.0476,0.127435,0
68280.0,68340.0,1,1000.0,10.84,65.6,1.7,0.0,92.8,3,0.048,0.128711,60.0
68340.0,68400.0,3,3000.0,11.66,88.3,0.0,5.0,86.1,3,0.0483,0.129377,180.0
68400.0,68460.0,0,0.0,17.29,97.8,3.3,0.0,89.4,3,0.0486,0.130331,0
68460.0,68520.0,2,2000.0,15.14,96.7,1.7,3.3,88.9,3,0.0489,0.131018,120.0
68520.0,68580.0,0,0.0,14.25,93.3,3.9,0.0,96.1,3,0.048,0.128747,0
68580.0,68640.0,3,3000.0,11.79,92.2,0.0,5.0,88.3,3,0.0484,0.129772,180.0
68640.0,68700.0,0,0.0,18.22,98.9,2.8,0.0,93.3,3,0.0484,0.129622,0
68700.0,68760.0,2,2000.0,14.38,95.0,2.2,3.3,85.0,3,0.0494,0.132344,120.0
68760.0,68820.0,0,0.0,16.83,97.8,3.3,0.0,90.6,3,0.0491,0.131678,0
68820.0,68880.0,3,3000.0,13.72,96.1,0.0,5.0,89.4,3,0.0484,0.129744,180.0
68880.0,68940.0,0,0.0,17.93,97.8,3.3,0.0,90.0,3,0.0488,0.130715,0
68940.0,69000.0,2,2000.0,15.95,95.6,1.7,3.9,88.9,3,0.0485,0.130013,120.0
69000.0,69060.0,0,0.0,18.84,100.0,0.0,0.0,100.0,3,0.0492,0.131979,0
69060.0,69120.0,1,1000.0,11.31,95.0,3.9,1.7,86.7,3,0.0483,0.129482,60.0
69120.0,69180.0,0,0.0,10.32,67.2,0.0,0.0,100.0,3,0.0472,0.126533,0
69180.0,69240.0,0,0.0,5.14,32.2,1.7,0.0,95.6,3,0.0461,0.123565,0
69240.0,69300.0,0,0.0,5.72,33.3,0.0,0.0,100.0,3,0.0468,0.12539,0
69300.0,69360.0,0,0.0,4.81,32.2,0.0,1.7,98.3,3,0.046,0.123283,0
69360.0,69420.0,1,1000.0,6.11,32.8,0.0,0.0,97.8,3,0.0462,0.123937,60.0
69420.0,69480.0,0,0.0,5.39,32.2,1.7,0.0,95.0,3,0.0459,0.123019,0
69480.0,69540.0,0,0.0,4.9,33.3,0.0,0.0,100.0,3,0.0281,0.075282,0
69540.0,69600.0,0,0.0,15.87,100.0,0.0,0.0,100.0,3,0.0198,0.052956,0
69600.0,69660.0,0,0.0,18.66,98.3,1.7,0.0,95.6,3,0.0489,0.131085,0
69660.0,69720.0,1,1000.0,14.21,96.7,3.9,1.7,86.1,3,0.0481,0.129023,60.0
69720.0,69780.0,0,0.0,14.0,87.2,1.1,0.0,95.6,3,0.0492,0.131789,0
69780.0,69840.0,1,1000.0,8.62,65.0,0.0,1.7,96.1,3,0.0471,0.126253,60.0
69840.0,69900.0,1,1000.0,12.7,65.6,0.0,1.7,95.6,3,0.0474,0.126901,60.0
69900.0,69960.0,0,0.0,10.63,64.4,3.3,0.0,90.6,3,0.0472,0.12652,0
69960.0,70020.0,0,0.0,11.34,66.1,0.0,0.0,100.0,3,0.0488,0.130682,0
70020.0,70080.0,1,1000.0,8.87,65.0,0.0,1.7,95.0,3,0.0471,0.126252,60.0
70080.0,70140.0,1,1000.0,12.19,65.6,0.0,1.7,95.0,3,0.0475,0.127234,60.0
70140.0,70200.0,0,0.0,11.48,65.0,2.2,0.0,95.0,3,0.0473,0.12663,0
70200.0,70260.0,0,0.0,9.43,66.7,0.0,0.0,100.0,3,0.0473,0.126859,0
70260.0,70320.0,1,1000.0,7.4,65.6,0.0,1.7,95.6,3,0.0466,0.124997,60.0
70320.0,70380.0,0,0.0,11.25,65.0,1.7,0.0,96.1,3,0.0476,0.127541,0
70380.0,70440.0,0,0.0,11.06,65.6,1.7,0.0,95.0,3,0.0477,0.127737,0
70440.0,70500.0,1,1000.0,9.75,65.6,0.0,1.7,95.6,3,0.0481,0.128982,60.0
70500.0,70560.0,1,1000.0,12.33,66.1,0.0,1.7,95.6,3,0.0473,0.126684,60.0
70560.0,70620.0,0,0.0,10.66,65.0,1.7,0.0,95.0,3,0.0477,0.127714,0
70620.0,70680.0,0,0.0,11.35,65.6,1.7,0.0,95.6,3,0.0476,0.127649,0
70680.0,70740.0,1,1000.0,9.14,65.6,0.0,1.7,95.6,3,0.0477,0.127845,60.0
70740.0,70800.0,0,0.0,13.12,66.1,0.0,1.1,98.9,3,0.0476,0.127593,0
70800.0,70860.0,1,1000.0,10.11,64.4,1.7,0.6,92.2,3,0.0476,0.127443,60.0
70860.0,70920.0,0,0.0,11.83,65.0,2.2,0.0,95.0,3,0.0475,0.127183,0
70920.0,70980.0,1,1000.0,8.13,65.0,0.0,1.7,95.6,3,0.0469,0.125727,60.0
70980.0,71040.0,1,0.0,12.81,65.6,0.0,1.7,95.6,3,0.0479,0.128402,60.0
71040.0,71100.0,0,0.0,9.12,64.4,3.3,0.0,90.6,3,0.0474,0.12693,0
71100.0,71160.0,0,0.0,10.94,66.7,0.0,0.0,100.0,3,0.0484,0.129685,0
71160.0,71220.0,1,1000.0,10.49,65.6,0.0,2.2,95.6,3,0.0475,0.127417,60.0
71220.0,71280.0,1,1000.0,10.22,65.0,0.0,1.7,95.0,3,0.0475,0.127198,60.0
71280.0,71340.0,0,0.0,13.54,65.6,1.7,0.0,95.0,3,0.0472,0.126438,0
71340.0,71400.0,0,0.0,10.35,64.8,3.7,0.0,96.3,3,0.0288,0.077096,0
