trip_id,run_id,session_key,truck_id,trip_number,load_zone,dump_zone,depart_time_s,arrive_load_s,load_complete_s,depart_load_s,arrive_dump_s,unload_complete_s,travel_to_mine_s,load_wait_s,travel_to_dump_s,unload_wait_s,total_trip_duration_s,cargo_kg,fuel_L,co2_kg
1,1,20260523_125918,2,1,load_zone_22,dump_zone_22,,137.476,140.519,142.594,184.885,187.915,,3.04,42.29,3.03,185.86,1000.0,0.6114,1.639016
2,1,20260523_125918,3,1,load_zone_22,dump_zone_23,,166.811,169.831,170.802,210.24,213.289,,3.02,39.44,3.05,211.23,1000.0,0.6906,1.851297
3,1,20260523_125918,1,1,load_zone_26,dump_zone_3,,118.241,121.263,126.888,243.946,247.049,,3.02,117.06,3.1,244.99,1000.0,0.809,2.168793
4,1,20260523_125918,2,2,load_zone_22,dump_zone_22,188.979,230.796,233.821,234.744,284.299,287.326,41.82,3.03,49.55,3.03,99.41,1000.0,0.3229,0.865792
5,1,20260523_125918,3,2,load_zone_22,dump_zone_23,215.554,250.693,253.739,254.62,295.306,298.339,35.14,3.05,40.69,3.03,85.05,1000.0,0.2791,0.748243
6,1,20260523_125918,2,3,load_zone_22,dump_zone_22,288.675,331.831,335.003,335.793,383.134,386.154,43.16,3.17,47.34,3.02,98.83,1000.0,0.3203,0.858815
7,1,20260523_125918,3,3,load_zone_22,dump_zone_23,300.507,335.902,338.961,341.78,393.506,396.534,35.39,3.06,51.73,3.03,98.2,1000.0,0.3212,0.861363
8,1,20260523_125918,1,2,load_zone_26,dump_zone_3,251.727,345.554,348.646,353.835,471.578,474.658,93.83,3.09,117.74,3.08,227.61,1000.0,0.746,1.99975
9,1,20260523_125918,3,4,load_zone_22,dump_zone_23,397.358,432.611,435.657,439.444,492.871,495.911,35.25,3.05,53.43,3.04,99.38,1000.0,0.3222,0.863811
10,1,20260523_125918,3,5,load_zone_22,dump_zone_23,498.415,534.413,537.441,538.765,621.262,624.288,36.0,3.03,82.5,3.03,128.38,1000.0,0.4197,1.125356
11,1,20260523_125918,2,4,load_zone_22,dump_zone_22,391.002,431.464,434.592,435.621,683.089,686.152,40.46,3.13,247.47,3.06,300.0,1000.0,0.925,2.480688
12,1,20260523_125918,1,3,load_zone_26,dump_zone_3,480.416,576.188,579.21,583.781,698.626,701.646,95.77,3.02,114.85,3.02,226.99,1000.0,0.7459,1.999724
13,1,20260523_125918,3,6,load_zone_22,dump_zone_23,625.111,660.227,663.249,664.282,704.904,707.922,35.12,3.02,40.62,3.02,83.63,1000.0,0.2749,0.737043
14,1,20260523_125918,3,7,load_zone_23,dump_zone_22,709.187,747.611,750.739,755.173,798.412,801.458,38.42,3.13,43.24,3.05,93.54,1000.0,0.3062,0.820998
15,1,20260523_125918,2,5,load_zone_23,dump_zone_23,687.421,759.292,762.311,768.098,808.042,811.085,71.87,3.02,39.94,3.04,124.93,1000.0,0.4031,1.080838
16,1,20260523_125918,3,8,load_zone_23,dump_zone_22,802.644,859.022,862.092,863.047,905.467,908.551,56.38,3.07,42.42,3.08,107.09,1000.0,0.3499,0.937958
17,1,20260523_125918,2,6,load_zone_23,dump_zone_23,813.765,872.182,875.252,880.906,920.61,923.627,58.42,3.07,39.7,3.02,112.54,1000.0,0.3653,0.97917
18,1,20260523_125918,1,4,load_zone_26,dump_zone_3,706.35,804.309,807.335,812.62,930.794,933.82,97.96,3.03,118.17,3.03,232.17,1000.0,0.7603,2.038043
19,1,20260523_125918,3,9,load_zone_23,dump_zone_22,913.773,965.33,968.497,974.38,1018.856,1021.883,51.56,3.17,44.48,3.03,113.33,1000.0,0.369,0.989179
20,1,20260523_125918,2,7,load_zone_23,dump_zone_23,926.351,977.23,980.284,985.41,1024.683,1027.704,50.88,3.05,39.27,3.02,104.08,1000.0,0.3374,0.904502
21,1,20260523_125918,2,8,load_zone_23,dump_zone_23,1030.174,1071.936,1074.968,1077.045,1119.591,1122.65,41.76,3.03,42.55,3.06,94.95,1000.0,0.3117,0.835718
22,1,20260523_125918,3,10,load_zone_23,dump_zone_22,1022.89,1068.708,1071.734,1074.52,1119.72,1122.748,45.82,3.03,45.2,3.03,100.87,1000.0,0.3303,0.885484
23,1,20260523_125918,1,5,load_zone_26,dump_zone_3,938.077,1035.185,1038.25,1042.677,1160.593,1163.664,97.11,3.07,117.92,3.07,229.84,1000.0,0.7534,2.01981
24,1,20260523_125918,2,9,load_zone_23,dump_zone_22,1126.08,1177.293,1074.968,1077.045,1223.391,1226.437,51.21,-102.32,146.35,3.05,103.79,1000.0,0.339,0.908702
25,1,20260523_125918,3,11,load_zone_23,dump_zone_23,1124.217,1179.8,1182.866,1187.966,1228.147,1231.169,55.58,3.07,40.18,3.02,108.42,1000.0,0.3524,0.944752
26,1,20260523_125918,1,6,load_zone_26,dump_zone_3,1168.319,1266.723,1269.755,1275.32,1391.3,1394.349,98.4,3.03,115.98,3.05,230.69,1000.0,0.7569,2.029096
27,1,20260523_125918,2,10,load_zone_1,dump_zone_1,1228.332,1329.141,1332.164,1337.387,1423.724,1426.752,100.81,3.02,86.34,3.03,200.32,1000.0,0.6531,1.751011
28,1,20260523_125918,3,12,load_zone_2,dump_zone_2,1233.776,1337.387,1340.413,1345.705,1429.62,1432.663,103.61,3.03,83.91,3.04,201.49,1000.0,0.658,1.764153
29,1,20260523_125918,3,13,load_zone_1,dump_zone_2,1437.468,1516.385,1519.503,1524.178,1604.656,1607.699,78.92,3.12,80.48,3.04,175.04,1000.0,0.5631,1.509522
30,1,20260523_125918,2,11,load_zone_1,dump_zone_1,1429.142,1509.937,1513.117,1517.969,1616.906,1619.932,80.79,3.18,98.94,3.03,193.18,1000.0,0.6193,1.660221
31,1,20260523_125918,1,7,load_zone_26,dump_zone_3,1398.859,1494.591,1497.639,1503.065,1620.763,1623.831,95.73,3.05,117.7,3.07,229.48,1000.0,0.7527,2.0178
32,2,20260523_131329,2,1,load_zone_22,dump_zone_22,,1891.442,1894.51,1895.809,1954.378,1957.42,,3.07,58.57,3.04,224.21,1000.0,0.7306,1.958566
33,2,20260523_131329,3,1,load_zone_26,dump_zone_3,,1836.564,1839.616,1844.923,1965.772,1968.843,,3.05,120.85,3.07,235.63,1000.0,0.7786,2.087249
34,2,20260523_131329,1,1,load_zone_26,dump_zone_3,,1847.347,1850.373,1854.429,1975.804,1978.896,,3.03,121.38,3.09,245.69,1000.0,0.8129,2.17925
35,2,20260523_131329,3,2,load_zone_26,dump_zone_3,1973.312,2068.339,2071.391,2076.455,2197.461,2200.589,95.03,3.05,121.01,3.13,231.75,1000.0,0.7585,2.033641
36,2,20260523_131329,1,2,load_zone_26,dump_zone_3,1982.674,2082.599,2085.633,2089.129,2206.987,2210.051,99.93,3.03,117.86,3.06,231.16,1000.0,0.7577,2.031462
37,3,20260523_132744,1,1,load_zone_22,dump_zone_22,,2750.253,2753.272,2754.023,2822.73,2825.791,,3.02,68.71,3.06,216.21,1000.0,0.7018,1.881442
38,3,20260523_132744,2,1,load_zone_26,dump_zone_3,,2719.842,2722.86,2728.246,2846.01,2849.028,,3.02,117.76,3.02,239.45,1000.0,0.7964,2.134854
39,3,20260523_132744,3,1,load_zone_22,dump_zone_22,,2823.383,2826.432,2827.186,2869.149,2872.169,,3.05,41.96,3.02,262.59,1000.0,0.8591,2.303076
40,4,20260523_134009,3,1,load_zone_26,dump_zone_3,,3150.832,3154.247,3159.762,3324.382,3328.037,,3.41,164.62,3.65,368.78,1000.0,1.1871,3.181519
41,4,20260523_134009,2,1,load_zone_26,dump_zone_3,,3213.572,3216.997,3222.942,3381.817,3385.307,,3.42,158.88,3.49,426.05,1000.0,1.3726,3.678656
42,4,20260523_134009,3,2,load_zone_26,dump_zone_3,3334.347,3467.342,3470.877,3477.002,3637.237,3640.607,132.99,3.53,160.24,3.37,312.57,1000.0,1.0041,2.691036
43,4,20260523_134009,2,2,load_zone_26,dump_zone_3,3391.517,3532.032,3535.747,3541.352,3701.892,3705.372,140.52,3.71,160.54,3.48,320.06,1000.0,1.0273,2.753201
44,4,20260523_134009,3,3,load_zone_26,dump_zone_3,3646.877,3782.507,3785.932,3792.072,3952.757,3956.382,135.63,3.42,160.68,3.62,315.77,1000.0,1.0142,2.718125
45,4,20260523_134009,2,3,load_zone_26,dump_zone_3,3711.607,3895.147,3898.692,3904.137,4062.312,4065.657,183.54,3.55,158.17,3.35,360.28,1000.0,1.1469,3.073819
46,4,20260523_134009,3,4,load_zone_26,dump_zone_3,3962.707,4105.827,4109.162,4114.722,4275.397,4278.737,143.12,3.34,160.68,3.34,322.35,1000.0,1.0327,2.767561
47,4,20260523_134009,2,4,load_zone_26,dump_zone_3,4071.932,4207.332,4210.782,4216.717,4369.012,4372.837,135.4,3.45,152.3,3.83,307.18,1000.0,0.9908,2.655367
48,4,20260523_134009,3,5,load_zone_26,dump_zone_3,4285.042,4426.982,4430.342,4436.062,4591.902,4595.762,141.94,3.36,155.84,3.86,317.03,1000.0,1.0162,2.723468
49,4,20260523_134009,2,5,load_zone_26,dump_zone_3,4379.077,4525.142,4528.542,4534.892,4691.467,4694.872,146.06,3.4,156.57,3.41,322.04,1000.0,1.0334,2.769637
50,4,20260523_134009,3,6,load_zone_29,dump_zone_3,4601.947,4761.517,4765.072,4771.262,4935.612,4938.947,159.57,3.56,164.35,3.34,343.19,1000.0,1.1,2.948095
51,4,20260523_134009,2,6,load_zone_25,dump_zone_3,4701.002,4872.102,4875.327,4881.197,5078.802,5082.432,171.1,3.23,197.6,3.63,387.56,1000.0,1.2446,3.335447
52,4,20260523_134009,3,7,load_zone_29,dump_zone_3,4945.247,5103.082,5106.427,5112.097,5280.772,5284.457,157.84,3.34,168.68,3.69,345.51,1000.0,1.1076,2.968329
53,4,20260523_134009,2,7,load_zone_25,dump_zone_3,5088.622,5263.767,5267.262,5272.992,5461.972,5465.277,175.14,3.49,188.98,3.31,382.85,1000.0,1.2265,3.287026
54,4,20260523_134009,3,8,load_zone_29,dump_zone_3,5290.587,5445.357,5448.942,5455.157,5623.857,5627.707,154.77,3.59,168.7,3.85,343.25,1000.0,1.1016,2.952369
55,4,20260523_134009,2,8,load_zone_25,dump_zone_3,5471.537,5640.152,5643.792,5649.677,5840.767,5844.517,168.61,3.64,191.09,3.75,379.24,1000.0,1.2167,3.260687
56,4,20260523_134009,3,9,load_zone_29,dump_zone_3,5634.057,5803.627,5807.152,5812.987,5982.382,5986.037,169.57,3.52,169.39,3.66,358.33,1000.0,1.1478,3.076117
57,4,20260523_134009,2,9,load_zone_25,dump_zone_3,5850.957,6030.367,6033.947,6039.587,6229.987,6233.397,179.41,3.58,190.4,3.41,388.88,1000.0,1.2455,3.338003
58,4,20260523_134009,3,10,load_zone_29,dump_zone_3,5992.287,6139.967,6143.447,6149.422,6326.122,6329.377,147.68,3.48,176.7,3.26,343.34,1000.0,1.101,2.950579
59,4,20260523_134009,2,10,load_zone_25,dump_zone_3,6239.637,6426.872,6430.432,6436.532,6629.087,6632.547,187.24,3.56,192.56,3.46,399.15,1000.0,1.2768,3.421775
60,4,20260523_134009,3,11,load_zone_29,dump_zone_3,6335.882,6477.142,6480.557,6486.922,6659.977,6663.227,141.26,3.41,173.06,3.25,333.85,1000.0,1.0749,2.880658
61,4,20260523_134009,3,12,load_zone_29,dump_zone_3,6664.277,6813.852,6817.267,6823.262,6989.117,6992.642,149.57,3.41,165.86,3.52,329.42,1000.0,1.0593,2.839027
62,4,20260523_134009,3,13,load_zone_29,dump_zone_3,6998.727,7137.472,7140.657,7146.987,7306.512,7309.892,138.74,3.19,159.52,3.38,317.25,1000.0,1.0202,2.734149
63,4,20260523_134009,3,14,load_zone_29,dump_zone_3,7316.112,7450.067,7453.252,7459.227,7622.762,7626.072,133.95,3.19,163.53,3.31,316.18,1000.0,1.0194,2.732018
64,4,20260523_134009,3,15,load_zone_29,dump_zone_3,7632.347,7774.342,7777.637,7783.592,7945.997,7949.357,141.99,3.3,162.41,3.36,323.29,1000.0,1.0401,2.787484
65,4,20260523_134009,2,11,load_zone_25,dump_zone_3,6638.752,8120.352,8123.577,8129.377,8318.177,8321.727,1481.6,3.23,188.8,3.55,1689.18,1000.0,5.1458,13.790703
66,4,20260523_134009,2,12,load_zone_25,dump_zone_3,8327.857,8499.702,8503.062,8509.222,8693.452,8696.817,171.84,3.36,184.23,3.36,375.09,1000.0,1.2042,3.227395
67,4,20260523_134009,3,16,load_zone_24,dump_zone_3,7955.617,8834.757,8838.157,8843.617,8999.892,9003.337,879.14,3.4,156.27,3.44,1053.98,1000.0,3.2276,8.650003
68,4,20260523_134009,3,17,load_zone_24,dump_zone_3,9009.447,9149.142,9152.412,9158.307,9318.987,9322.492,139.69,3.27,160.68,3.51,319.15,1000.0,1.0247,2.746119
69,4,20260523_134009,2,13,load_zone_25,dump_zone_3,8703.047,9143.107,9146.722,9152.412,9364.407,9367.902,440.06,3.61,211.99,3.5,671.09,1000.0,2.0957,5.616587
70,4,20260523_134009,3,18,load_zone_24,dump_zone_3,9328.987,9481.327,9484.877,9490.977,9645.837,9649.417,152.34,3.55,154.86,3.58,326.92,1000.0,1.0486,2.810148
71,4,20260523_134009,2,14,load_zone_25,dump_zone_3,9374.067,9558.687,9562.072,9568.007,9756.432,9759.972,184.62,3.39,188.43,3.54,392.07,1000.0,1.2554,3.364374
72,4,20260523_134009,3,19,load_zone_24,dump_zone_3,9655.732,9797.362,9800.767,9806.112,9964.632,9968.157,141.63,3.41,158.52,3.52,318.74,1000.0,1.0222,2.739409
73,4,20260523_134009,2,15,load_zone_25,dump_zone_3,9766.452,9939.157,9942.587,9948.267,10137.082,10140.417,172.7,3.43,188.82,3.33,380.45,1000.0,1.2187,3.266142
74,4,20260523_134009,3,20,load_zone_24,dump_zone_3,9974.627,10108.767,10112.327,10118.382,10275.992,10279.327,134.14,3.56,157.61,3.33,311.17,1000.0,0.9991,2.677463
75,4,20260523_134009,2,16,load_zone_24,dump_zone_3,10146.777,10279.327,10282.587,10288.287,10444.287,10447.787,132.55,3.26,156.0,3.5,307.37,1000.0,0.9877,2.647049
76,4,20260523_134009,3,21,load_zone_24,dump_zone_3,10285.442,10427.802,10431.317,10437.402,10595.847,10599.517,142.36,3.51,158.44,3.67,320.19,1000.0,1.0265,2.750971
77,4,20260523_134009,2,17,load_zone_24,dump_zone_3,10454.162,10595.562,10599.097,10604.802,10764.917,10768.657,141.4,3.53,160.11,3.74,320.87,1000.0,1.0283,2.755833
78,4,20260523_134009,3,22,load_zone_24,dump_zone_3,10605.602,10747.927,10751.432,10757.242,10916.992,10920.562,142.32,3.51,159.75,3.57,321.05,1000.0,1.0294,2.758671
79,4,20260523_134009,2,18,load_zone_24,dump_zone_3,10774.932,10926.157,10929.437,10934.772,11091.432,11094.932,151.22,3.28,156.66,3.5,326.28,1000.0,1.0454,2.801764
80,4,20260523_134009,2,19,load_zone_27,dump_zone_3,11101.187,11244.637,11247.817,11254.037,11415.922,11419.312,143.45,3.18,161.89,3.39,324.38,1000.0,1.0438,2.797434
81,4,20260523_134009,2,20,load_zone_27,dump_zone_3,11425.677,11556.792,11560.132,11566.287,11730.452,11734.037,131.11,3.34,164.16,3.59,314.72,1000.0,1.0153,2.721135
82,6,20260702_114111,2,1,load_zone_22,dump_zone_22,,62804.852,62807.935,62813.519,62875.019,62878.102,,3.08,61.5,3.08,222.17,1000.0,0.7115,1.906767
83,6,20260702_114111,3,1,load_zone_22,dump_zone_23,,62823.435,62826.519,62831.602,62875.852,62878.935,,3.08,44.25,3.08,223.0,1000.0,0.7183,1.924928
84,6,20260702_114111,1,1,load_zone_26,dump_zone_3,,62787.602,62790.685,62796.269,62921.269,62924.352,,3.08,125.0,3.08,268.42,1000.0,0.876,2.347569
85,6,20260702_114111,2,2,load_zone_22,dump_zone_23,62883.185,62924.269,62927.352,62931.519,63006.769,63009.852,41.08,3.08,75.25,3.08,131.75,1000.0,0.4201,1.125817
86,6,20260702_114111,3,2,load_zone_22,dump_zone_22,62884.269,62920.685,62923.769,62928.435,63008.685,63011.769,36.42,3.08,80.25,3.08,132.83,1000.0,0.4263,1.142398
87,6,20260702_114111,3,3,load_zone_22,dump_zone_23,63013.102,63068.685,63071.769,63077.185,63119.519,63122.602,55.58,3.08,42.33,3.08,110.83,1000.0,0.3569,0.956335
88,6,20260702_114111,2,3,load_zone_22,dump_zone_22,63013.519,63049.852,63052.935,63058.019,63132.685,63135.769,36.33,3.08,74.67,3.08,125.92,1000.0,0.4013,1.07539
89,6,20260702_114111,1,2,load_zone_26,dump_zone_3,62929.602,63031.019,63034.102,63039.769,63166.519,63169.602,101.42,3.08,126.75,3.08,245.25,1000.0,0.8001,2.144229
90,6,20260702_114111,2,4,load_zone_22,dump_zone_23,63140.602,63179.435,63182.519,63187.769,63232.602,63235.685,38.83,3.08,44.83,3.08,99.92,1000.0,0.3228,0.865093
91,6,20260702_114111,3,4,load_zone_22,dump_zone_22,63126.519,63161.602,63164.685,63170.185,63234.435,63237.519,35.08,3.08,64.25,3.08,114.92,1000.0,0.3697,0.990708
92,7,20260702_115808,3,1,load_zone_22,dump_zone_22,,63471.852,63474.935,63479.269,63530.602,63533.685,,3.08,51.33,3.08,217.75,1000.0,0.7005,1.87729
93,7,20260702_115808,2,1,load_zone_22,dump_zone_23,,63483.269,63486.352,63491.102,63533.769,63536.852,,3.08,42.67,3.08,220.92,1000.0,0.7099,1.902571
94,7,20260702_115808,1,1,load_zone_26,dump_zone_3,,63440.185,63443.269,63447.935,63577.685,63580.769,,3.08,129.75,3.08,264.83,1000.0,0.8631,2.313137
95,7,20260702_115808,3,2,load_zone_22,dump_zone_23,63538.852,63586.269,63589.352,63589.602,63633.602,63636.685,47.42,3.08,44.0,3.08,103.0,1000.0,0.3326,0.89132
96,7,20260702_115808,2,2,load_zone_22,dump_zone_22,63541.769,63584.769,63587.852,63591.852,63645.435,63648.519,43.0,3.08,53.58,3.08,111.67,1000.0,0.3598,0.964152
97,7,20260702_115808,1,2,load_zone_26,dump_zone_3,63585.519,63687.602,63690.685,63695.935,63823.685,63826.769,102.08,3.08,127.75,3.08,246.0,1000.0,0.8026,2.151038
98,7,20260702_115808,1,3,load_zone_26,dump_zone_3,63831.602,63930.435,63933.519,63938.935,64063.685,64066.769,98.83,3.08,124.75,3.08,240.0,1000.0,0.7841,2.101341
99,7,20260702_115808,1,4,load_zone_26,dump_zone_3,64072.685,64172.935,64176.019,64181.519,64305.435,64308.519,100.25,3.08,123.92,3.08,241.75,1000.0,0.7896,2.116171
100,7,20260702_115808,1,5,load_zone_26,dump_zone_3,64314.019,64415.935,64419.019,64423.435,64552.602,64555.685,101.92,3.08,129.17,3.08,247.17,1000.0,0.8048,2.156778
101,7,20260702_115808,1,6,load_zone_26,dump_zone_3,64560.352,64663.769,64666.852,64671.519,64796.102,64799.185,103.42,3.08,124.58,3.08,243.5,1000.0,0.7951,2.130806
102,7,20260702_115808,1,7,load_zone_26,dump_zone_3,64804.519,64905.269,64908.352,64914.185,65039.685,65042.769,100.75,3.08,125.5,3.08,243.58,1000.0,0.794,2.127917
103,8,20260702_121629,1,1,load_zone_22,dump_zone_23,,65225.685,65228.769,65234.435,65277.185,65280.269,,3.08,42.75,3.08,104.33,1000.0,0.3361,0.900618
104,8,20260702_121629,3,1,load_zone_22,dump_zone_22,,65209.685,65212.769,65218.269,65283.519,65286.602,,3.08,65.25,3.08,110.67,1000.0,0.3564,0.955203
105,8,20260702_121629,3,2,load_zone_22,dump_zone_23,65287.685,65332.435,65335.519,65341.019,65387.019,65390.102,44.75,3.08,46.0,3.08,103.5,1000.0,0.3337,0.894403
106,8,20260702_121629,1,2,load_zone_22,dump_zone_22,65285.102,65320.602,65323.685,65328.435,65393.935,65397.019,35.5,3.08,65.5,3.08,116.75,1000.0,0.3753,1.00569
107,8,20260702_121629,2,1,load_zone_26,dump_zone_3,,65305.185,65308.269,65312.852,65438.602,65441.685,,3.08,125.75,3.08,265.75,1000.0,0.8694,2.329919
108,8,20260702_121629,3,3,load_zone_22,dump_zone_22,65393.185,65431.352,65434.435,65434.769,65490.352,65493.435,38.17,3.08,55.58,3.08,103.33,1000.0,0.3332,0.893084
109,8,20260702_121629,1,3,load_zone_22,dump_zone_23,65398.185,65441.185,65444.269,65449.935,65492.935,65496.019,43.0,3.08,43.0,3.08,99.0,1000.0,0.32,0.857562
110,8,20260702_121629,1,4,load_zone_22,dump_zone_23,65500.435,65554.019,65557.102,65558.685,65603.519,65606.602,53.58,3.08,44.83,3.08,110.58,1000.0,0.3569,0.95635
111,8,20260702_121629,3,4,load_zone_22,dump_zone_22,65498.435,65539.102,65542.185,65547.769,65609.935,65613.019,40.67,3.08,62.17,3.08,119.58,1000.0,0.3874,1.038129
112,8,20260702_121629,2,2,load_zone_26,dump_zone_3,65447.352,65548.602,65551.685,65557.019,65683.269,65686.352,101.25,3.08,126.25,3.08,244.67,1000.0,0.7968,2.135381
113,8,20260702_121629,1,5,load_zone_22,dump_zone_22,65608.519,65643.685,65646.769,65652.269,65706.102,65709.185,35.17,3.08,53.83,3.08,102.58,1000.0,0.3313,0.887923
114,8,20260702_121629,3,5,load_zone_22,dump_zone_23,65614.435,65660.185,65663.269,65668.685,65707.435,65710.519,45.75,3.08,38.75,3.08,97.5,1000.0,0.3149,0.843987
115,8,20260702_121629,3,6,load_zone_23,dump_zone_22,65715.769,65768.352,65771.435,65777.185,65821.435,65824.519,52.58,3.08,44.25,3.08,114.0,1000.0,0.3696,0.990633
116,8,20260702_121629,1,6,load_zone_23,dump_zone_23,65714.019,65772.519,65775.602,65781.435,65823.685,65826.769,58.5,3.08,42.25,3.08,117.58,1000.0,0.3813,1.021872
117,8,20260702_121629,2,3,load_zone_26,dump_zone_3,65691.769,65794.519,65797.602,65802.852,65927.435,65930.519,102.75,3.08,124.58,3.08,244.17,1000.0,0.7953,2.131495
118,8,20260702_121629,3,7,load_zone_23,dump_zone_23,65829.519,65885.185,65888.269,65888.352,65938.852,65941.935,55.67,3.08,50.5,3.08,117.42,1000.0,0.3793,1.016528
119,8,20260702_121629,1,7,load_zone_23,dump_zone_22,65829.685,65882.435,65885.519,65886.352,65943.019,65946.102,52.75,3.08,56.67,3.08,119.33,1000.0,0.3855,1.033007
120,8,20260702_121629,1,8,load_zone_23,dump_zone_22,65947.352,65990.852,65993.935,65998.852,66053.435,66056.519,43.5,3.08,54.58,3.08,110.42,1000.0,0.3584,0.960424
121,8,20260702_121629,3,8,load_zone_23,dump_zone_23,65946.102,66005.852,66008.935,66014.102,66055.852,66058.935,59.75,3.08,41.75,3.08,117.0,1000.0,0.3781,1.013328
122,8,20260702_121629,1,9,load_zone_23,dump_zone_22,66057.185,66110.935,66114.019,66120.185,66163.185,66166.269,53.75,3.08,43.0,3.08,109.75,1000.0,0.3582,0.960051
123,8,20260702_121629,3,9,load_zone_23,dump_zone_23,66060.852,66124.102,66127.185,66132.269,66172.185,66175.269,63.25,3.08,39.92,3.08,116.33,1000.0,0.3754,1.005993
124,8,20260702_121629,2,4,load_zone_26,dump_zone_3,65936.352,66038.935,66042.019,66047.102,66175.602,66178.685,102.58,3.08,128.5,3.08,248.17,1000.0,0.8089,2.1679
125,8,20260702_121629,1,10,load_zone_23,dump_zone_22,66171.352,66223.185,66226.269,66231.685,66285.435,66288.519,51.83,3.08,53.75,3.08,122.25,1000.0,0.3956,1.060212
126,8,20260702_121629,3,10,load_zone_23,dump_zone_23,66180.269,66236.935,66240.019,66245.019,66286.352,66289.435,56.67,3.08,41.33,3.08,114.17,1000.0,0.3697,0.990859
127,8,20260702_121629,2,5,load_zone_26,dump_zone_3,66183.269,66281.602,66284.685,66290.352,66411.519,66414.602,98.33,3.08,121.17,3.08,235.92,1000.0,0.7717,2.06822
128,8,20260702_121629,3,11,load_zone_2,dump_zone_2,66290.685,66403.935,66407.019,66411.769,66501.685,66504.769,113.25,3.08,89.92,3.08,215.33,1000.0,0.6949,1.862292
129,8,20260702_121629,2,6,load_zone_26,dump_zone_3,66420.435,66519.102,66522.185,66527.435,66654.019,66657.102,98.67,3.08,126.58,3.08,242.5,1000.0,0.7908,2.119413
130,8,20260702_121629,3,12,load_zone_1,dump_zone_2,66508.352,66599.685,66602.769,66606.852,66692.685,66695.769,91.33,3.08,85.83,3.08,191.0,1000.0,0.612,1.640132
131,8,20260702_121629,3,13,load_zone_1,dump_zone_2,66701.019,66789.602,66792.685,66797.269,66877.769,66880.852,88.58,3.08,80.5,3.08,185.08,1000.0,0.5935,1.590436
132,8,20260702_121629,2,7,load_zone_26,dump_zone_3,66663.102,66763.185,66766.269,66772.019,66899.352,66902.435,100.08,3.08,127.33,3.08,245.33,1000.0,0.7996,2.142744
133,8,20260702_121629,1,11,load_zone_1,dump_zone_1,66289.269,66402.769,66405.852,66411.185,66933.102,66936.185,113.5,3.08,521.92,3.08,647.67,1000.0,1.9936,5.342945
134,8,20260702_121629,3,14,load_zone_1,dump_zone_1,66885.269,66972.852,66975.935,66980.352,67071.102,67074.185,87.58,3.08,90.75,3.08,193.33,1000.0,0.6196,1.66042
135,8,20260702_121629,1,12,load_zone_1,dump_zone_2,66939.019,67026.685,67029.769,67033.935,67109.685,67112.769,87.67,3.08,75.75,3.08,176.58,1000.0,0.5685,1.523478
136,8,20260702_121629,2,8,load_zone_26,dump_zone_3,66907.185,67007.019,67010.102,67015.185,67138.519,67141.602,99.83,3.08,123.33,3.08,239.17,1000.0,0.7809,2.092727
137,8,20260702_121629,3,15,load_zone_1,dump_zone_1,67077.685,67168.019,67171.102,67175.769,67263.352,67266.435,90.33,3.08,87.58,3.08,192.25,1000.0,0.6155,1.649558
138,8,20260702_121629,1,13,load_zone_1,dump_zone_2,67118.185,67204.685,67207.769,67212.352,67293.185,67296.269,86.5,3.08,80.83,3.08,183.5,1000.0,0.5891,1.578764
139,8,20260702_121629,2,9,load_zone_26,dump_zone_3,67146.519,67248.935,67252.019,67257.602,67381.602,67384.685,102.42,3.08,124.0,3.08,243.08,1000.0,0.7929,2.125005
140,8,20260702_121629,3,16,load_zone_1,dump_zone_1,67270.102,67358.519,67361.602,67366.102,67454.269,67457.352,88.42,3.08,88.17,3.08,190.92,1000.0,0.6122,1.640613
141,8,20260702_121629,1,14,load_zone_1,dump_zone_2,67301.269,67388.435,67391.519,67395.769,67475.685,67478.769,87.17,3.08,79.92,3.08,182.5,1000.0,0.5862,1.571097
142,9,20260702_123207,2,1,load_zone_22,dump_zone_22,,67782.352,67785.435,67790.935,67850.269,67853.352,,3.08,59.33,3.08,217.42,1000.0,0.6981,1.870957
143,9,20260702_123207,1,1,load_zone_22,dump_zone_23,,67813.269,67816.352,67817.019,67858.102,67861.185,,3.08,41.08,3.08,225.25,1000.0,0.7255,1.944223
144,9,20260702_123207,3,1,load_zone_26,dump_zone_3,,67757.602,67760.685,67765.185,67892.852,67895.935,,3.08,127.67,3.08,260.0,1000.0,0.8477,2.271743
145,9,20260702_123207,2,2,load_zone_22,dump_zone_23,67854.019,67902.602,67905.685,67906.102,67948.019,67951.102,48.58,3.08,41.92,3.08,97.75,1000.0,0.3161,0.847153
146,9,20260702_123207,1,2,load_zone_22,dump_zone_22,67865.685,67900.769,67903.852,67909.352,67978.352,67981.435,35.08,3.08,69.0,3.08,120.25,1000.0,0.3852,1.032378
147,9,20260702_123207,2,3,load_zone_22,dump_zone_22,67954.019,67994.935,67998.019,67998.435,68063.519,68066.602,40.92,3.08,65.08,3.08,115.5,1000.0,0.3709,0.993972
148,9,20260702_123207,1,3,load_zone_22,dump_zone_23,67982.435,68026.519,68029.602,68034.852,68077.602,68080.685,44.08,3.08,42.75,3.08,99.25,1000.0,0.3205,0.858887
149,9,20260702_123207,3,2,load_zone_26,dump_zone_3,67901.685,68004.019,68007.102,68012.519,68137.185,68140.269,102.33,3.08,124.67,3.08,244.33,1000.0,0.7965,2.134457
150,9,20260702_123207,1,4,load_zone_22,dump_zone_23,68085.185,68119.602,68122.685,68128.102,68180.019,68183.102,34.42,3.08,51.92,3.08,102.42,1000.0,0.3318,0.889096
151,9,20260702_123207,1,5,load_zone_22,dump_zone_23,68188.269,68225.852,68228.935,68234.435,68277.602,68280.685,37.58,3.08,43.17,3.08,97.58,1000.0,0.3155,0.845472
152,9,20260702_123207,1,6,load_zone_22,dump_zone_23,68284.352,68320.602,68323.685,68329.185,68376.602,68379.685,36.25,3.08,47.42,3.08,99.0,1000.0,0.3211,0.860615
153,9,20260702_123207,2,4,load_zone_22,dump_zone_22,68067.685,68112.269,68115.352,68120.935,68376.602,68379.685,44.58,3.08,255.67,3.08,313.08,1000.0,0.9638,2.583028
154,9,20260702_123207,3,3,load_zone_26,dump_zone_3,68145.102,68247.519,68250.602,68256.019,68382.269,68385.352,102.42,3.08,126.25,3.08,245.08,1000.0,0.7994,2.142281
155,9,20260702_123207,2,5,load_zone_23,dump_zone_23,68384.685,68441.685,68444.769,68451.019,68491.519,68494.602,57.0,3.08,40.5,3.08,114.92,1000.0,0.3726,0.998659
156,9,20260702_123207,1,7,load_zone_23,dump_zone_22,68385.019,68436.352,68439.435,68445.519,68506.519,68509.602,51.33,3.08,61.0,3.08,129.92,1000.0,0.4203,1.126311
157,9,20260702_123207,3,4,load_zone_26,dump_zone_3,68390.019,68489.435,68492.519,68497.852,68622.102,68625.185,99.42,3.08,124.25,3.08,239.83,1000.0,0.7826,2.097444
158,9,20260702_123207,2,6,load_zone_23,dump_zone_23,68499.519,68571.852,68574.935,68575.019,68631.769,68634.852,72.33,3.08,56.75,3.08,140.25,1000.0,0.4511,1.208866
159,9,20260702_123207,1,8,load_zone_23,dump_zone_22,68510.352,68569.019,68572.102,68572.602,68634.769,68637.852,58.67,3.08,62.17,3.08,128.25,1000.0,0.4127,1.106168
160,9,20260702_123207,1,9,load_zone_23,dump_zone_22,68643.019,68691.769,68694.852,68698.352,68743.435,68746.519,48.75,3.08,45.08,3.08,108.67,1000.0,0.3541,0.949085
161,9,20260702_123207,2,7,load_zone_23,dump_zone_23,68637.435,68698.435,68701.519,68707.602,68748.102,68751.185,61.0,3.08,40.5,3.08,116.33,1000.0,0.376,1.00778
162,9,20260702_123207,2,8,load_zone_23,dump_zone_23,68755.185,68805.435,68808.519,68814.769,68855.602,68858.685,50.25,3.08,40.83,3.08,107.5,1000.0,0.3478,0.932073
163,9,20260702_123207,1,10,load_zone_23,dump_zone_22,68747.519,68791.352,68794.435,68799.185,68863.102,68866.185,43.83,3.08,63.92,3.08,119.67,1000.0,0.3884,1.040837
164,9,20260702_123207,3,5,load_zone_26,dump_zone_3,68630.935,68730.769,68733.852,68739.185,68866.519,68869.602,99.83,3.08,127.33,3.08,244.42,1000.0,0.7962,2.133736
165,9,20260702_123207,1,11,load_zone_23,dump_zone_23,68866.852,68909.769,68912.852,68918.102,68958.269,68961.352,42.92,3.08,40.17,3.08,95.17,1000.0,0.3101,0.831088
166,9,20260702_123207,2,9,load_zone_23,dump_zone_22,68862.602,68902.519,68905.602,68911.685,68964.852,68967.935,39.92,3.08,53.17,3.08,109.25,1000.0,0.3538,0.948232
167,9,20260702_123207,3,6,load_zone_26,dump_zone_3,68875.352,68977.102,68980.185,68985.519,69112.269,69115.352,101.75,3.08,126.75,3.08,245.75,1000.0,0.8006,2.145439
168,9,20260702_123207,3,7,load_zone_26,dump_zone_3,69120.435,69224.519,69227.602,69232.102,69357.019,69360.102,104.08,3.08,124.92,3.08,244.75,1000.0,0.7982,2.139154
169,10,20260702_123755,3,1,load_zone_22,dump_zone_22,,69615.185,69618.269,69623.769,69672.269,69675.352,,3.08,48.5,3.08,99.42,1000.0,0.3219,0.862723
170,10,20260702_123755,1,1,load_zone_26,dump_zone_3,,69680.685,69683.769,69688.269,69813.935,69817.019,,3.08,125.67,3.08,241.08,1000.0,0.7893,2.11543
171,10,20260702_123755,2,1,load_zone_26,dump_zone_3,,69707.102,69710.185,69715.602,69843.269,69846.352,,3.08,127.67,3.08,270.42,1000.0,0.8826,2.365477
172,10,20260702_123755,1,2,load_zone_26,dump_zone_3,69821.852,69926.019,69929.102,69934.102,70060.185,70063.269,104.17,3.08,126.08,3.08,246.25,1000.0,0.8013,2.147497
173,10,20260702_123755,2,2,load_zone_26,dump_zone_3,69851.019,69951.769,69954.852,69960.269,70087.519,70090.602,100.75,3.08,127.25,3.08,244.25,1000.0,0.796,2.133361
174,10,20260702_123755,1,3,load_zone_26,dump_zone_3,70068.935,70169.852,70172.935,70178.435,70305.269,70308.352,100.92,3.08,126.83,3.08,245.08,1000.0,0.798,2.138686
175,10,20260702_123755,2,3,load_zone_26,dump_zone_3,70095.935,70333.102,70336.185,70340.602,70464.685,70467.769,237.17,3.08,124.08,3.08,377.17,1000.0,1.216,3.258968
176,10,20260702_123755,1,4,load_zone_26,dump_zone_3,70313.019,70417.519,70420.602,70425.935,70552.435,70555.519,104.5,3.08,126.5,3.08,247.17,1000.0,0.8054,2.158396
177,10,20260702_123755,2,4,load_zone_26,dump_zone_3,70472.519,70571.519,70574.602,70580.519,70707.519,70710.602,99.0,3.08,127.0,3.08,242.83,1000.0,0.7925,2.123796
178,10,20260702_123755,1,5,load_zone_26,dump_zone_3,70560.352,70664.685,70667.769,70672.519,70797.935,70801.019,104.33,3.08,125.42,3.08,245.5,1000.0,0.8007,2.1458
179,10,20260702_123755,2,5,load_zone_26,dump_zone_3,70715.269,70814.435,70817.519,70822.102,70945.935,70949.019,99.17,3.08,123.83,3.08,238.42,1000.0,0.7793,2.088398
180,10,20260702_123755,1,6,load_zone_26,load_zone_29,70806.269,70908.852,70911.935,70917.685,70995.352,70998.435,102.58,3.08,77.67,3.08,197.42,0.0,0.6311,1.691415
181,10,20260702_123755,1,7,load_zone_29,dump_zone_3,71003.102,71070.769,71073.852,71078.435,71212.852,71215.935,67.67,3.08,134.42,3.08,217.5,1000.0,0.7161,1.919004
182,10,20260702_123755,2,6,load_zone_25,dump_zone_3,70954.769,71080.602,71083.685,71089.019,71242.352,71245.435,125.83,3.08,153.33,3.08,296.42,1000.0,0.9666,2.590385
